id,levelType,param,iEnergy,energyRecovery,showLevelBoss,npc,controlNpc,hostileData1,hostileData2,hostileData3,hostileData4,hostileData5,hostileData6,winCondition1,winCondition2,levelTime,levelSp,playerLimit,nextBattle,playerPosition,hostilePosition,lvPara,preloadCharacter,preloadFx,preloadBullet,battleCheck
Int,Int,Ints,Int,Int,Int,Ints,Ints,Int,Int,Int,Int,Int,Int,Ints,Ints,Int,Int,Int,Int,Int,Int,strings,ints,ints,ints,bool
1,,,,,,,,,,,,,,,,90,1,,,1,2,"-5:0.65,-4:0.85,-3:0.9,-2:0.95,2:1,3:1.03,4:1.06,5:1.09,1.12",,,,1
100,2,,,,,"0,0,0,0,4,0",,,1000112,,,,,,,,1,,,8,9,"-5:0.65,-4:0.85,-3:0.9,-2:0.95,2:1,3:1.03,4:1.06,5:1.09,1.12",,,,0
101,,,,,,"0,7,0,0,0,0",,,1010111,,,1010113,,,,,1,,,1011,1012,"-5:0.65,-4:0.85,-3:0.9,-2:0.95,2:1,3:1.03,4:1.06,5:1.09,1.12",,,,0
102,,"6421,5134",0,4000,,"0,3,0,0,2,0","2,3",1010211,1010212,1010213,1010214,1010215,1010216,,,,1,,,1,2,"-5:0.65,-4:0.85,-3:0.9,-2:0.95,2:1,3:1.03,4:1.06,5:1.09,1.12",,,,0
103,,,,,,,,,1010312,,1010314,,,,,,1,,,1,2,"-5:0.65,-4:0.85,-3:0.9,-2:0.95,2:1,3:1.03,4:1.06,5:1.09,1.12",,,,0
104,,,,,,,,,3000,,,,,,,,1,,,1,2,"-5:0.65,-4:0.85,-3:0.9,-2:0.95,2:1,3:1.03,4:1.06,5:1.09,1.12",,,,1
10101,,,,,,,,,101015,,,,,,,,1,,,1,2,"-5:0.65,-4:0.85,-3:0.9,-2:0.95,2:1,3:1.03,4:1.06,5:1.09,1.12",,,,1
10102,,,,,,,,1010111,1010112,1010113,1010114,1010115,1010116,,,,1,,,1,2,"-5:0.65,-4:0.85,-3:0.9,-2:0.95,2:1,3:1.03,4:1.06,5:1.09,1.12",,,,1
10103,,,,,,,,,101035,,,,,,,,1,,,1,2,"-5:0.65,-4:0.85,-3:0.9,-2:0.95,2:1,3:1.03,4:1.06,5:1.09,1.12",,,,1
10104,1,"132465,263541",4,4000,,,,101041,101042,,101044,101045,,,,,1,,,11,10,"-5:0.65,-4:0.85,-3:0.9,-2:0.95,2:1,3:1.03,4:1.06,5:1.09,1.12",,,,1
20305,,,,,,,,,20305,,,,,,,,1,,,1,2,"-5:0.65,-4:0.85,-3:0.9,-2:0.95,2:1,3:1.03,4:1.06,5:1.09,1.12",,,,1
100011,,,,,,,,,1000112,,,,,,,,1,,,1,2,"-5:0.65,-4:0.75,-3:0.85,-2:0.95,2:1,3:1.07,4:1.12,5:1.16,1.2",,,,0
101011,,642,8,6000,,,,,1010111,,,1010112,1010113,,,,1,,,1,2,"-5:0.65,-4:0.75,-3:0.85,-2:0.95,2:1,3:1.07,4:1.12,5:1.16,1.2",,,,0
101021,,251436,16,6000,,,,1010211,1010212,1010213,1010214,1010215,1010216,,,,1,,,1,2,"-5:0.65,-4:0.75,-3:0.85,-2:0.95,2:1,3:1.07,4:1.12,5:1.16,1.2",,,,0
101022,,,,,,"0,0,5,0,0,8","5,8",,1010312,,1010314,,,,,,1,,,1,2,"-5:0.65,-4:0.75,-3:0.85,-2:0.95,2:1,3:1.07,4:1.12,5:1.16,1.2",,,,0
102011,,,,,,,,1020111,1020112,,1020114,1020115,,,,,1,,,1,2,"-5:0.65,-4:0.75,-3:0.85,-2:0.95,2:1,3:1.07,4:1.12,5:1.16,1.2",,,,0
102021,,,,,,,,1020211,1020212,,1020214,1020215,,,,,1,,,1,2,"-5:0.65,-4:0.75,-3:0.85,-2:0.95,2:1,3:1.07,4:1.12,5:1.16,1.2",,,,1
102031,,546,3,5000,,,,,,,1020314,1020315,1020316,,,,1,,,1,2,"-5:0.65,-4:0.75,-3:0.85,-2:0.95,2:1,3:1.07,4:1.12,5:1.16,1.2",,,,1
102041,1,236,3,8888,,,,,1020412,1020413,,,1020416,,,,1,,,5,6,"-5:0.65,-4:0.75,-3:0.85,-2:0.95,2:1,3:1.07,4:1.12,5:1.16,1.2",,,,1
102061,,,,,,,,,1020612,,,,,,,,1,,,1,2,"-5:0.65,-4:0.75,-3:0.85,-2:0.95,2:1,3:1.07,4:1.12,5:1.16,1.2",,,,1
102071,,462,6,8888,,,,,1020712,,1020714,,1020716,,,,1,,,1,2,"-5:0.65,-4:0.75,-3:0.85,-2:0.95,2:1,3:1.07,4:1.12,5:1.16,1.2",,,,1
103011,,514,6,8888,,,,1030111,,,1030114,1030115,,,,,1,,,1,7,"-5:0.65,-4:0.75,-3:0.85,-2:0.95,2:1,3:1.07,4:1.12,5:1.16,1.2",,,,1
103031,,5,3,8888,,,,1030311,1030312,,,1030315,,,,,1,,,1,2,"-5:0.65,-4:0.75,-3:0.85,-2:0.95,2:1,3:1.07,4:1.12,5:1.16,1.2",,,,1
103041,1,4,3,8888,,,,1030411,,,1030414,1030415,,,,,1,,,5,6,"-5:0.65,-4:0.75,-3:0.85,-2:0.95,2:1,3:1.07,4:1.12,5:1.16,1.2",,,,1
103051,,52,0,8888,,,,,1030512,1030513,,1030515,,,,,1,,,1,2,"-5:0.65,-4:0.75,-3:0.85,-2:0.95,2:1,3:1.07,4:1.12,5:1.16,1.2",,,,1
103061,,,,,,,,,1030614,,,,,,,,1,,,1,2,"-5:0.65,-4:0.75,-3:0.85,-2:0.95,2:1,3:1.07,4:1.12,5:1.16,1.2",,,,1
103071,,36,3,8888,,,,,1030712,1030713,,,1030716,,,,1,,,1,2,"-5:0.65,-4:0.75,-3:0.85,-2:0.95,2:1,3:1.07,4:1.12,5:1.16,1.2",,,,1
103081,,,,,,,,,1030813,,,,,,,,1,,,1,2,"-5:0.65,-4:0.75,-3:0.85,-2:0.95,2:1,3:1.07,4:1.12,5:1.16,1.2",,,,1
103091,,,,,,,,,,,,,1030914,,,,1,,,1,12,"-5:0.65,-4:0.75,-3:0.85,-2:0.95,2:1,3:1.07,4:1.12,5:1.16,1.2",,,,1
103111,,641,3,8888,,,,1031111,1031112,,1031114,,1031116,,,,1,,,1,2,"-5:0.65,-4:0.75,-3:0.85,-2:0.95,2:1,3:1.07,4:1.12,5:1.16,1.2",,,,1
103121,,5,3,8888,,,,1031211,,,,1031215,1031216,,,,1,,,1,2,"-5:0.65,-4:0.75,-3:0.85,-2:0.95,2:1,3:1.07,4:1.12,5:1.16,1.2",,,,1
104011,1,562,6,8888,,,,,1040112,1040113,,1040115,1040116,,,,1,,,11,10,"-5:0.65,-4:0.75,-3:0.85,-2:0.95,2:1,3:1.07,4:1.12,5:1.16,1.2",,,,1
104021,,1356,6,8888,,,,1040211,,1040213,,1040215,1040216,,,,1,,,1,2,"-5:0.65,-4:0.75,-3:0.85,-2:0.95,2:1,3:1.07,4:1.12,5:1.16,1.2",,,,1
104031,,156,0,8888,,,,1040311,1040312,,,1040315,1040316,,,,1,,,1,2,"-5:0.65,-4:0.75,-3:0.85,-2:0.95,2:1,3:1.07,4:1.12,5:1.16,1.2",,,,1
104041,,143,3,8888,,,,1040411,1040412,1040413,1040414,,,,,,1,,,1,2,"-5:0.65,-4:0.75,-3:0.85,-2:0.95,2:1,3:1.07,4:1.12,5:1.16,1.2",,,,1
104051,,136,3,8888,,,,1040511,1040512,1040513,,,1040516,,,,1,,,1,2,"-5:0.65,-4:0.75,-3:0.85,-2:0.95,2:1,3:1.07,4:1.12,5:1.16,1.2",,,,1
104061,,,,,,,,,1040612,,,,,,,,1,,,1,2,"-5:0.65,-4:0.75,-3:0.85,-2:0.95,2:1,3:1.07,4:1.12,5:1.16,1.2",,,,1
104071,1,14,6,8888,,,,1040711,1040712,,1040714,,,,,,1,,,5,6,"-5:0.65,-4:0.75,-3:0.85,-2:0.95,2:1,3:1.07,4:1.12,5:1.16,1.2",,,,1
104081,,456,6,8888,,,,1040811,,,1040814,1040815,1040816,,,,1,,,1,2,"-5:0.65,-4:0.75,-3:0.85,-2:0.95,2:1,3:1.07,4:1.12,5:1.16,1.2",,,,1
104091,,,,,,,,,1040912,,,,,,,,1,,,1,2,"-5:0.65,-4:0.75,-3:0.85,-2:0.95,2:1,3:1.07,4:1.12,5:1.16,1.2",,,,1
104101,,1254,6,8888,,,,1041011,1041012,,1041014,1041015,,,,,1,,,1,2,"-5:0.65,-4:0.75,-3:0.85,-2:0.95,2:1,3:1.07,4:1.12,5:1.16,1.2",,,,1
104111,,1245,3,8888,,,,1041111,1041112,,1041114,1041115,,,,,1,,,1,2,"-5:0.65,-4:0.75,-3:0.85,-2:0.95,2:1,3:1.07,4:1.12,5:1.16,1.2",,,,1
104121,,,,,,,,,1041212,,,,,,,,1,,,1,2,"-5:0.65,-4:0.75,-3:0.85,-2:0.95,2:1,3:1.07,4:1.12,5:1.16,1.2",,,,1
104131,,2346,6,8888,,,,,1041312,1041313,1041314,,1041316,,,,1,,,1,2,"-5:0.65,-4:0.75,-3:0.85,-2:0.95,2:1,3:1.07,4:1.12,5:1.16,1.2",,,,1
104141,,54,3,8888,,,,1041411,,,1041415,1041414,,,,,1,,,1,2,"-5:0.65,-4:0.75,-3:0.85,-2:0.95,2:1,3:1.07,4:1.12,5:1.16,1.2",,,,1
104151,,1236,6,8888,,,,1041511,1041512,1041513,,,1041516,,,,1,,,1,2,"-5:0.65,-4:0.75,-3:0.85,-2:0.95,2:1,3:1.07,4:1.12,5:1.16,1.2",,,,1
104161,,564,6,8888,,,,,1041612,,1041614,1041615,1041616,,,,1,,,1,2,"-5:0.65,-4:0.75,-3:0.85,-2:0.95,2:1,3:1.07,4:1.12,5:1.16,1.2",,,,1
105011,,4152,3,8888,,,,1050111,1050112,,1050114,1050116,,,,,1,,,1,2,"-5:0.65,-4:0.75,-3:0.85,-2:0.95,2:1,3:1.07,4:1.12,5:1.16,1.2",,,,1
105021,1,5263,6,8888,,,,,1050212,1050213,,1050215,1050216,,,,1,,,5,6,"-5:0.65,-4:0.75,-3:0.85,-2:0.95,2:1,3:1.07,4:1.12,5:1.16,1.2",,,,1
105031,,624,3,8888,,,,,1050312,,1050314,,1050316,,,,1,,,1,2,"-5:0.65,-4:0.75,-3:0.85,-2:0.95,2:1,3:1.07,4:1.12,5:1.16,1.2",,,,1
105041,,,,,,,,,1050414,,,,,,,,1,,,1,2,"-5:0.65,-4:0.75,-3:0.85,-2:0.95,2:1,3:1.07,4:1.12,5:1.16,1.2",,,,1
105051,,1245,3,8888,,,,1050511,1050512,,1050514,1050515,,,,,1,,,1,2,"-5:0.65,-4:0.75,-3:0.85,-2:0.95,2:1,3:1.07,4:1.12,5:1.16,1.2",,,,1
105061,1,4251,6,8888,,,,1050611,1050612,,1050614,1050615,,,,,1,,,11,10,"-5:0.65,-4:0.75,-3:0.85,-2:0.95,2:1,3:1.07,4:1.12,5:1.16,1.2",,,,1
105081,,462,6,8888,,,,,1050812,,1050811,,1050813,,,,1,,,1,2,"-5:0.65,-4:0.75,-3:0.85,-2:0.95,2:1,3:1.07,4:1.12,5:1.16,1.2",,,,1
105091,,4562,6,8888,,,,,1050912,,1050914,1050915,1050916,,,,1,,,1,2,"-5:0.65,-4:0.75,-3:0.85,-2:0.95,2:1,3:1.07,4:1.12,5:1.16,1.2",,,,1
105101,,,,,,,,,1051015,,,,,,,,1,,,1,2,"-5:0.65,-4:0.75,-3:0.85,-2:0.95,2:1,3:1.07,4:1.12,5:1.16,1.2",,,,1
105111,,1245,6,8888,,,,1051111,1051112,,1051114,1051115,,,,,1,,,1,2,"-5:0.65,-4:0.75,-3:0.85,-2:0.95,2:1,3:1.07,4:1.12,5:1.16,1.2",,,,1
105121,,,,,,,,,1051215,,,,,,,,1,,,1,2,"-5:0.65,-4:0.75,-3:0.85,-2:0.95,2:1,3:1.07,4:1.12,5:1.16,1.2",,,,1
105131,1,1245,3,8888,,,,1051311,1051312,,1051314,1051315,,,,,1,,,5,6,"-5:0.65,-4:0.75,-3:0.85,-2:0.95,2:1,3:1.07,4:1.12,5:1.16,1.2",,,,1
105141,,456,0,8888,,,,,,,1051414,1051415,1051416,,,,1,,,1,2,"-5:0.65,-4:0.75,-3:0.85,-2:0.95,2:1,3:1.07,4:1.12,5:1.16,1.2",,,,1
105151,,1246,6,8888,,,,1051511,1051512,,1051514,,1051516,,,,1,,,1,2,"-5:0.65,-4:0.75,-3:0.85,-2:0.95,2:1,3:1.07,4:1.12,5:1.16,1.2",,,,1
105161,,,,,,,,,1051612,,,,,,,,1,,,1,2,"-5:0.65,-4:0.75,-3:0.85,-2:0.95,2:1,3:1.07,4:1.12,5:1.16,1.2",,,,1
105181,,,,,,,,,1051812,,,,,,,,1,,,1,2,"-5:0.65,-4:0.75,-3:0.85,-2:0.95,2:1,3:1.07,4:1.12,5:1.16,1.2",,,,1
105191,,461,6,8888,,,,1051911,,,1051914,,1051916,,,,1,,,1,2,"-5:0.65,-4:0.75,-3:0.85,-2:0.95,2:1,3:1.07,4:1.12,5:1.16,1.2",,,,1
105201,,3421,6,8888,,,,1052011,1052012,1052013,1052014,,,,,,1,,,1,2,"-5:0.65,-4:0.75,-3:0.85,-2:0.95,2:1,3:1.07,4:1.12,5:1.16,1.2",,,,1
105211,,423,3,8888,,,,,1052112,1052113,1052114,,,,,,1,,,1,2,"-5:0.65,-4:0.75,-3:0.85,-2:0.95,2:1,3:1.07,4:1.12,5:1.16,1.2",,,,1
106021,1,1346,6,8000,,,,1060211,,1060213,1060214,,1060216,,,,1,,,11,10,"-5:0.65,-4:0.75,-3:0.85,-2:0.95,2:1,3:1.07,4:1.12,5:1.16,1.2",,,,1
106031,,521,0,8888,,,,1060311,1060312,,,1060315,,,,,1,,,1,2,"-5:0.65,-4:0.75,-3:0.85,-2:0.95,2:1,3:1.07,4:1.12,5:1.16,1.2",,,,1
106041,,325,3,8888,,,,,1060412,1060413,,1060415,,,,,1,,,1,2,"-5:0.65,-4:0.75,-3:0.85,-2:0.95,2:1,3:1.07,4:1.12,5:1.16,1.2",,,,1
106051,,523,3,8888,,,,,1060512,1060513,,1060515,,,,,1,,,1,2,"-5:0.65,-4:0.75,-3:0.85,-2:0.95,2:1,3:1.07,4:1.12,5:1.16,1.2",,,,1
106061,,,,,,,,,1060612,,,,,,,,1,,,1,2,"-5:0.65,-4:0.75,-3:0.85,-2:0.95,2:1,3:1.07,4:1.12,5:1.16,1.2",,,,1
106071,,231,3,8888,,,,1060711,1060712,1060713,,,,,,,1,,,1,2,"-5:0.65,-4:0.75,-3:0.85,-2:0.95,2:1,3:1.07,4:1.12,5:1.16,1.2",,,,1
106081,1,3614,3,8888,,,,1060811,,1060813,1060814,,1060816,,,,1,,,5,6,"-5:0.65,-4:0.75,-3:0.85,-2:0.95,2:1,3:1.07,4:1.12,5:1.16,1.2",,,,1
106091,,,,,,,,,1060912,,1060914,,,,,,1,,,1,2,"-5:0.65,-4:0.75,-3:0.85,-2:0.95,2:1,3:1.07,4:1.12,5:1.16,1.2",,,,1
106101,,234,6,8888,,,,,1061012,1061013,1061014,,,,,,1,,,1,2,"-5:0.65,-4:0.75,-3:0.85,-2:0.95,2:1,3:1.07,4:1.12,5:1.16,1.2",,,,1
106111,,5462,3,8888,,,,,1061112,,1061114,1061115,1061116,,,,1,,,1,2,"-5:0.65,-4:0.75,-3:0.85,-2:0.95,2:1,3:1.07,4:1.12,5:1.16,1.2",,,,1
106121,,,,,,,,,1061212,,,,,,,,1,,,1,2,"-5:0.65,-4:0.75,-3:0.85,-2:0.95,2:1,3:1.07,4:1.12,5:1.16,1.2",,,,1
106131,,2346,3,8888,,,,,1061312,1061313,1061314,,1061316,,,,1,,,1,2,"-5:0.65,-4:0.75,-3:0.85,-2:0.95,2:1,3:1.07,4:1.12,5:1.16,1.2",,,,1
106141,,5123,6,8888,,,,1061411,1061412,1061413,,1061415,,,,,1,,,1,2,"-5:0.65,-4:0.75,-3:0.85,-2:0.95,2:1,3:1.07,4:1.12,5:1.16,1.2",,,,1
106151,,213,3,8888,,,,1061511,1061512,1061513,,,,,,,1,,,1,2,"-5:0.65,-4:0.75,-3:0.85,-2:0.95,2:1,3:1.07,4:1.12,5:1.16,1.2",,,,1
106161,1,134,6,8888,,,,1061611,,1061613,1061614,,,,,,1,,,11,10,"-5:0.65,-4:0.75,-3:0.85,-2:0.95,2:1,3:1.07,4:1.12,5:1.16,1.2",,,,1
106171,,13,3,6000,,,,1061711,,1061713,,1061715,,,,,1,,,1,2,"-5:0.65,-4:0.75,-3:0.85,-2:0.95,2:1,3:1.07,4:1.12,5:1.16,1.2",,,,1
106181,,123456,6,8888,,,,1061811,1061812,1061813,1061814,1061815,1061816,,,,1,,,1,2,"-5:0.65,-4:0.75,-3:0.85,-2:0.95,2:1,3:1.07,4:1.12,5:1.16,1.2",,,,1
106191,,123456,6,8888,,,,1061911,1061912,1061913,1061914,1061915,1061916,,,,1,,,1,2,"-5:0.65,-4:0.75,-3:0.85,-2:0.95,2:1,3:1.07,4:1.12,5:1.16,1.2",,,,1
106201,,31212,6,8888,,,,1062011,1062012,1062013,,,,,,,1,,,1,2,"-5:0.65,-4:0.75,-3:0.85,-2:0.95,2:1,3:1.07,4:1.12,5:1.16,1.2",,,,1
106211,,123125,6,8888,,,,1062111,1062112,1062113,,1062115,,,,,1,,,1,2,"-5:0.65,-4:0.75,-3:0.85,-2:0.95,2:1,3:1.07,4:1.12,5:1.16,1.2",,,,1
106221,,,,,,,,,1062212,,,,,,,,1,,,1,2,"-5:0.65,-4:0.75,-3:0.85,-2:0.95,2:1,3:1.07,4:1.12,5:1.16,1.2",,,,1
107021,,3562,3,8888,,,,,1070212,1070213,,1070215,1070216,,,,1,,,1,2,"-5:0.65,-4:0.75,-3:0.85,-2:0.95,2:1,3:1.07,4:1.12,5:1.16,1.2",,,,1
107031,,321,3,8888,,,,1070311,1070312,1070313,,,,,,,1,,,1,2,"-5:0.65,-4:0.75,-3:0.85,-2:0.95,2:1,3:1.07,4:1.12,5:1.16,1.2",,,,1
107041,,413,3,8888,,,,1070411,,1070413,1070414,,,,,,1,,,1,2,"-5:0.65,-4:0.75,-3:0.85,-2:0.95,2:1,3:1.07,4:1.12,5:1.16,1.2",,,,1
107051,,124,3,8888,,,,1070511,1070512,,1070514,,,,,,1,,,1,2,"-5:0.65,-4:0.75,-3:0.85,-2:0.95,2:1,3:1.07,4:1.12,5:1.16,1.2",,,,1
107061,,14,3,6000,,,,1070611,,,1070614,1070615,,,,,1,,,1,2,"-5:0.65,-4:0.75,-3:0.85,-2:0.95,2:1,3:1.07,4:1.12,5:1.16,1.2",,,,1
107071,1,2345,3,8888,,,,,1070712,1070713,1070714,1070715,,,,,1,,,11,10,"-5:0.65,-4:0.75,-3:0.85,-2:0.95,2:1,3:1.07,4:1.12,5:1.16,1.2",,,,1
107081,,4256,3,8888,,,,,1070812,,1070814,1070815,1070816,,,,1,,,1,2,"-5:0.65,-4:0.75,-3:0.85,-2:0.95,2:1,3:1.07,4:1.12,5:1.16,1.2",,,,1
107091,,316,3,8888,,,,1070911,,1070913,,,1070916,,,,1,,,1,2,"-5:0.65,-4:0.75,-3:0.85,-2:0.95,2:1,3:1.07,4:1.12,5:1.16,1.2",,,,1
107101,,351,3,8000,,,,1071011,,1071013,,1071015,1071016,,,,1,,,1,2,"-5:0.65,-4:0.75,-3:0.85,-2:0.95,2:1,3:1.07,4:1.12,5:1.16,1.2",,,,1
107111,1,1346,3,8888,,,,1071111,,1071113,1071114,,1071116,,,,1,,,5,6,"-5:0.65,-4:0.75,-3:0.85,-2:0.95,2:1,3:1.07,4:1.12,5:1.16,1.2",,,,1
107121,,515253,6,8888,,,,1071211,1071212,1071213,,1071215,,,,,1,,,1,2,"-5:0.65,-4:0.75,-3:0.85,-2:0.95,2:1,3:1.07,4:1.12,5:1.16,1.2",,,,1
107131,,3461,3,8888,,,,1071311,,1071313,1071314,,1071316,,,,1,,,1,2,"-5:0.65,-4:0.75,-3:0.85,-2:0.95,2:1,3:1.07,4:1.12,5:1.16,1.2",,,,1
107141,,,,,,,,,1071412,,,,,,,,1,,,1,2,"-5:0.65,-4:0.75,-3:0.85,-2:0.95,2:1,3:1.07,4:1.12,5:1.16,1.2",,,,1
107151,,423,3,8888,,,,,1071512,1071513,1071514,,,,,,1,,,1,2,"-5:0.65,-4:0.75,-3:0.85,-2:0.95,2:1,3:1.07,4:1.12,5:1.16,1.2",,,,1
107161,,,,,,,,,1071612,,,,,,,,1,,,1,2,"-5:0.65,-4:0.75,-3:0.85,-2:0.95,2:1,3:1.07,4:1.12,5:1.16,1.2",,,,1
107171,,1364,3,8888,,,,1071711,,1071713,1071714,,1071716,,,,1,,,1,2,"-5:0.65,-4:0.75,-3:0.85,-2:0.95,2:1,3:1.07,4:1.12,5:1.16,1.2",,,,1
107181,,236,3,8888,,,,,1071812,1071813,,,1071816,,,,1,,,1,2,"-5:0.65,-4:0.75,-3:0.85,-2:0.95,2:1,3:1.07,4:1.12,5:1.16,1.2",,,,1
107191,,,,,,,,,1071912,,,,,,,,1,,,1,2,"-5:0.65,-4:0.75,-3:0.85,-2:0.95,2:1,3:1.07,4:1.12,5:1.16,1.2",,,,1
107201,,124,6,8888,,,,1072011,1072012,,1072014,,,,,,1,,,1,2,"-5:0.65,-4:0.75,-3:0.85,-2:0.95,2:1,3:1.07,4:1.12,5:1.16,1.2",,,,1
107211,,513,3,8888,,,,1072111,,1072113,,1072115,,,,,1,,,1,2,"-5:0.65,-4:0.75,-3:0.85,-2:0.95,2:1,3:1.07,4:1.12,5:1.16,1.2",,,,1
107221,,,,,,,,,1072212,,,,,,,,1,,,1,2,"-5:0.65,-4:0.75,-3:0.85,-2:0.95,2:1,3:1.07,4:1.12,5:1.16,1.2",,,,
107241,,2356,3,8888,,,,,1072412,1072413,,1072415,1072416,,,,1,,,1,2,"-5:0.65,-4:0.75,-3:0.85,-2:0.95,2:1,3:1.07,4:1.12,5:1.16,1.2",,,,1
107251,,2345,6,8888,,,,,1072512,1072513,1072514,1072515,,,,,1,,,1,2,"-5:0.65,-4:0.75,-3:0.85,-2:0.95,2:1,3:1.07,4:1.12,5:1.16,1.2",,,,1
107261,,1256,3,8888,,,,1072611,1072612,,,1072615,1072616,,,,1,,,1,2,"-5:0.65,-4:0.75,-3:0.85,-2:0.95,2:1,3:1.07,4:1.12,5:1.16,1.2",,,,1
107271,,,,,,,,,1072712,,,,,,,,1,,,1,2,"-5:0.65,-4:0.75,-3:0.85,-2:0.95,2:1,3:1.07,4:1.12,5:1.16,1.2",,,,1
108011,,1254,6,8888,,,,1080111,1080112,,1080114,1080115,,,,,1,,,1,2,"-5:0.65,-4:0.75,-3:0.85,-2:0.95,2:1,3:1.07,4:1.12,5:1.16,1.2",,,,1
108021,,2356,3,8888,,,,,1080212,1080213,,1080215,1080216,,,,1,,,1,2,"-5:0.65,-4:0.75,-3:0.85,-2:0.95,2:1,3:1.07,4:1.12,5:1.16,1.2",,,,1
108041,,4163,3,8888,,,,1080411,,1080413,1080414,,1080416,,,,1,,,1,2,"-5:0.65,-4:0.75,-3:0.85,-2:0.95,2:1,3:1.07,4:1.12,5:1.16,1.2",,,,1
108051,,,,,,,,,1080512,,,,,,,,1,,,1,2,"-5:0.65,-4:0.75,-3:0.85,-2:0.95,2:1,3:1.07,4:1.12,5:1.16,1.2",,,,1
108061,,1562,0,8888,,,,1080611,1080612,,,1080615,1080616,,,,1,,,1,2,"-5:0.65,-4:0.75,-3:0.85,-2:0.95,2:1,3:1.07,4:1.12,5:1.16,1.2",,,,1
108071,1,5264,3,8888,,,,,1080712,,1080714,1080715,1080716,,,,1,,,11,10,"-5:0.65,-4:0.75,-3:0.85,-2:0.95,2:1,3:1.07,4:1.12,5:1.16,1.2",,,,1
108081,,234,3,8888,,,,,1080812,1080813,1080814,,,,,,1,,,1,2,"-5:0.65,-4:0.75,-3:0.85,-2:0.95,2:1,3:1.07,4:1.12,5:1.16,1.2",,,,1
108101,,216,6,8888,,,,1081011,1081012,,,,1081016,,,,1,,,1,2,"-5:0.65,-4:0.75,-3:0.85,-2:0.95,2:1,3:1.07,4:1.12,5:1.16,1.2",,,,1
108111,,,,,,,,,1081112,,,,,,,,1,,,1,2,"-5:0.65,-4:0.75,-3:0.85,-2:0.95,2:1,3:1.07,4:1.12,5:1.16,1.2",,,,1
108121,,2345,6,8888,,,,,1081212,1081213,1081214,1081215,,,,,1,,,1,2,"-5:0.65,-4:0.75,-3:0.85,-2:0.95,2:1,3:1.07,4:1.12,5:1.16,1.2",,,,1
108131,,413,0,8888,,,,1081311,,1081313,1081314,,,,,,1,,,1,2,"-5:0.65,-4:0.75,-3:0.85,-2:0.95,2:1,3:1.07,4:1.12,5:1.16,1.2",,,,1
108141,,234,3,8888,,,,,1081412,1081413,1081414,,,,,,1,,,1,2,"-5:0.65,-4:0.75,-3:0.85,-2:0.95,2:1,3:1.07,4:1.12,5:1.16,1.2",,,,1
108151,1,2356,3,8888,,,,,1081512,1081513,,1081515,1081516,,,,1,,,5,6,"-5:0.65,-4:0.75,-3:0.85,-2:0.95,2:1,3:1.07,4:1.12,5:1.16,1.2",,,,1
108161,,136,6,8888,,,,1081611,,1081613,,1081615,1081616,,,,1,,,1,2,"-5:0.65,-4:0.75,-3:0.85,-2:0.95,2:1,3:1.07,4:1.12,5:1.16,1.2",,,,1
108171,,1562,0,8888,,,,1081711,1081712,,,1081715,1081716,,,,1,,,1,2,"-5:0.65,-4:0.75,-3:0.85,-2:0.95,2:1,3:1.07,4:1.12,5:1.16,1.2",,,,1
108181,,1432,3,8888,,,,1081811,1081812,1081813,1081814,,,,,,1,,,1,2,"-5:0.65,-4:0.75,-3:0.85,-2:0.95,2:1,3:1.07,4:1.12,5:1.16,1.2",,,,1
108191,,1362,3,8888,,,,1081911,1081912,1081913,,,1081916,,,,1,,,1,2,"-5:0.65,-4:0.75,-3:0.85,-2:0.95,2:1,3:1.07,4:1.12,5:1.16,1.2",,,,1
108201,,2356,6,8888,,,,,1082012,1082013,,1082015,1082016,,,,1,,,1,2,"-5:0.65,-4:0.75,-3:0.85,-2:0.95,2:1,3:1.07,4:1.12,5:1.16,1.2",,,,1
108211,,1436,6,8888,,,,1082111,,1082113,1082114,,1082116,,,,1,,,1,2,"-5:0.65,-4:0.75,-3:0.85,-2:0.95,2:1,3:1.07,4:1.12,5:1.16,1.2",,,,1
108221,,,,,,,,,1082212,,,,,,,,1,,,1,2,"-5:0.65,-4:0.75,-3:0.85,-2:0.95,2:1,3:1.07,4:1.12,5:1.16,1.2",,,,1
108231,,2146,6,8888,,,,1082311,1082312,,1082314,,1082316,,,,1,,,1,2,"-5:0.65,-4:0.75,-3:0.85,-2:0.95,2:1,3:1.07,4:1.12,5:1.16,1.2",,,,1
108241,,1234,6,8888,,,,1082411,1082412,1082413,1082414,,,,,,1,,,1,2,"-5:0.65,-4:0.75,-3:0.85,-2:0.95,2:1,3:1.07,4:1.12,5:1.16,1.2",,,,1
108251,,265,6,8888,,,,,1082512,,,1082515,1082516,,,,1,,,1,2,"-5:0.65,-4:0.75,-3:0.85,-2:0.95,2:1,3:1.07,4:1.12,5:1.16,1.2",,,,1
108261,,,,,,,,,1082612,,,,,,,,1,,,1,2,"-5:0.65,-4:0.75,-3:0.85,-2:0.95,2:1,3:1.07,4:1.12,5:1.16,1.2",,,,1
109011,,2345,6,8888,,,,,1090112,1090113,,1090114,1090115,,,,1,,,1,2,"-5:0.65,-4:0.75,-3:0.85,-2:0.95,2:1,3:1.07,4:1.12,5:1.16,1.2",,,,1
109021,,34,0,6000,,,,,1090212,1090213,1090214,,,,,,1,,,1,2,"-5:0.65,-4:0.75,-3:0.85,-2:0.95,2:1,3:1.07,4:1.12,5:1.16,1.2",,,,1
109031,,2156,3,8888,,,,1090311,1090312,,,1090315,1090316,,,,1,,,1,2,"-5:0.65,-4:0.75,-3:0.85,-2:0.95,2:1,3:1.07,4:1.12,5:1.16,1.2",,,,1
109041,,136,3,8888,,,,1090411,,1090413,,,1090416,,,,1,,,1,2,"-5:0.65,-4:0.75,-3:0.85,-2:0.95,2:1,3:1.07,4:1.12,5:1.16,1.2",,,,1
109051,,236,6,8888,,,,,1090512,1090513,,,1090516,,,,1,,,1,2,"-5:0.65,-4:0.75,-3:0.85,-2:0.95,2:1,3:1.07,4:1.12,5:1.16,1.2",,,,1
109061,1,3256,3,8888,,,,,1090612,1090613,,1090615,1090616,,,,1,,,5,6,"-5:0.65,-4:0.75,-3:0.85,-2:0.95,2:1,3:1.07,4:1.12,5:1.16,1.2",,,,1
109071,,246,3,8888,,,,,1090712,1090713,1090714,,1090716,,,,1,,,1,2,"-5:0.65,-4:0.75,-3:0.85,-2:0.95,2:1,3:1.07,4:1.12,5:1.16,1.2",,,,1
109081,,146,3,8888,,,,1090811,,,1090814,,1090816,,,,1,,,1,2,"-5:0.65,-4:0.75,-3:0.85,-2:0.95,2:1,3:1.07,4:1.12,5:1.16,1.2",,,,1
109091,,2536,6,8888,,,,,1090912,1090913,,1090915,1090916,,,,1,,,1,2,"-5:0.65,-4:0.75,-3:0.85,-2:0.95,2:1,3:1.07,4:1.12,5:1.16,1.2",,,,1
109101,,613,3,8888,,,,1091011,,1091013,,,1091016,,,,1,,,1,2,"-5:0.65,-4:0.75,-3:0.85,-2:0.95,2:1,3:1.07,4:1.12,5:1.16,1.2",,,,1
109111,1,2365,3,8888,,,,,1091112,1091113,,1091115,1091116,,,,1,,,11,10,"-5:0.65,-4:0.75,-3:0.85,-2:0.95,2:1,3:1.07,4:1.12,5:1.16,1.2",,,,1
109121,,2146,6,8888,,,,1091211,1091212,,1091214,,1091216,,,,1,,,1,2,"-5:0.65,-4:0.75,-3:0.85,-2:0.95,2:1,3:1.07,4:1.12,5:1.16,1.2",,,,1
109131,,,,,,,,,1091312,,,,,,,,1,,,1,2,"-5:0.65,-4:0.75,-3:0.85,-2:0.95,2:1,3:1.07,4:1.12,5:1.16,1.2",,,,1
109141,,314,0,8888,,,,1091411,,1091413,1091414,,,,,,1,,,1,2,"-5:0.65,-4:0.75,-3:0.85,-2:0.95,2:1,3:1.07,4:1.12,5:1.16,1.2",,,,1
109151,,234,3,8888,,,,,1091512,1091513,1091514,,,,,,1,,,1,2,"-5:0.65,-4:0.75,-3:0.85,-2:0.95,2:1,3:1.07,4:1.12,5:1.16,1.2",,,,1
109161,1,3164,6,8888,,,,1091611,,1091613,1091614,,1091616,,,,1,,,11,10,"-5:0.65,-4:0.75,-3:0.85,-2:0.95,2:1,3:1.07,4:1.12,5:1.16,1.2",,,,1
109171,,125,3,8888,,,,1091711,1091712,,,1091715,,,,,1,,,1,2,"-5:0.65,-4:0.75,-3:0.85,-2:0.95,2:1,3:1.07,4:1.12,5:1.16,1.2",,,,1
109181,,56,0,8000,,,,,1091812,,,1091815,1091816,,,,1,,,1,2,"-5:0.65,-4:0.75,-3:0.85,-2:0.95,2:1,3:1.07,4:1.12,5:1.16,1.2",,,,1
109191,,146,3,8888,,,,1091911,,,1091914,,1091916,,,,1,,,1,2,"-5:0.65,-4:0.75,-3:0.85,-2:0.95,2:1,3:1.07,4:1.12,5:1.16,1.2",,,,1
109201,,256356,0,8888,,,,,1092012,1092013,,1092015,1092016,,,,1,,,1,2,"-5:0.65,-4:0.75,-3:0.85,-2:0.95,2:1,3:1.07,4:1.12,5:1.16,1.2",,,,1
109211,,136,0,8888,,,,1092111,,1092113,,,1092116,,,,1,,,1,2,"-5:0.65,-4:0.75,-3:0.85,-2:0.95,2:1,3:1.07,4:1.12,5:1.16,1.2",,,,1
109221,,,,,,,,,1092212,,,,,,,,1,,,1,2,"-5:0.65,-4:0.75,-3:0.85,-2:0.95,2:1,3:1.07,4:1.12,5:1.16,1.2",,,,1
109241,,132456,6,8888,,,,1092411,1092412,1092413,1092414,1092415,1092416,,,,1,,,1,2,"-5:0.65,-4:0.75,-3:0.85,-2:0.95,2:1,3:1.07,4:1.12,5:1.16,1.2",,,,1
109251,,1345,3,8888,,,,1092511,,1092513,1092514,1092515,,,,,1,,,1,2,"-5:0.65,-4:0.75,-3:0.85,-2:0.95,2:1,3:1.07,4:1.12,5:1.16,1.2",,,,1
109261,,2356,3,8888,,,,,1092612,1092613,,1092615,1092616,,,,1,,,1,2,"-5:0.65,-4:0.75,-3:0.85,-2:0.95,2:1,3:1.07,4:1.12,5:1.16,1.2",,,,1
109271,,,,,,,,,1092712,,,,,,,,1,,,1,2,"-5:0.65,-4:0.75,-3:0.85,-2:0.95,2:1,3:1.07,4:1.12,5:1.16,1.2",,,,1
2030311,,,,,,"0,1,0,0,0,0",1,,2030311,,,,,,,,1,,,1,2,"-5:0.65,-4:0.75,-3:0.85,-2:0.95,2:1,3:1.07,4:1.12,5:1.16,1.2",,,,0
2040911,,,,,,,,,,,,,2040911,,,,1,,,1,12,"-5:0.65,-4:0.75,-3:0.85,-2:0.95,2:1,3:1.07,4:1.12,5:1.16,1.2",,,,1
2050911,,,,,,,,,2050911,,,,,,,,1,,,1,2,"-5:0.65,-4:0.75,-3:0.85,-2:0.95,2:1,3:1.07,4:1.12,5:1.16,1.2",,,,1
2061211,,,,,,,,,2061211,,,,,,,,1,,,1,2,"-5:0.65,-4:0.75,-3:0.85,-2:0.95,2:1,3:1.07,4:1.12,5:1.16,1.2",,,,1
2071011,,,,,,,,,,,,,2071011,,,,1,,,1,12,"-5:0.65,-4:0.75,-3:0.85,-2:0.95,2:1,3:1.07,4:1.12,5:1.16,1.2",,,,1
2072111,,,,,,,,,2072111,,,,,,,,1,,,1,2,"-5:0.65,-4:0.75,-3:0.85,-2:0.95,2:1,3:1.07,4:1.12,5:1.16,1.2",,,,1
2081911,,,,,,,,,2081911,,,,,,,,1,,,1,2,"-5:0.65,-4:0.75,-3:0.85,-2:0.95,2:1,3:1.07,4:1.12,5:1.16,1.2",,,,1
2091011,,,,,,,,,,,,,2091011,,,,1,,,1,12,"-5:0.65,-4:0.75,-3:0.85,-2:0.95,2:1,3:1.07,4:1.12,5:1.16,1.2",,,,1
2091811,,,,,,,,,2091811,,,,,,,,1,,,1,2,"-5:0.65,-4:0.75,-3:0.85,-2:0.95,2:1,3:1.07,4:1.12,5:1.16,1.2",,,,1
2102011,,,,,,,,,2102011,,,,,,,,1,,,1,2,"-5:0.65,-4:0.75,-3:0.85,-2:0.95,2:1,3:1.07,4:1.12,5:1.16,1.2",,,,1
2111011,,,,,,,,,,,,,2111011,,,,1,,,1,12,"-5:0.65,-4:0.75,-3:0.85,-2:0.95,2:1,3:1.07,4:1.12,5:1.16,1.2",,,,1
2112011,,,,,,,,,2112011,,,,,,,,1,,,1,2,"-5:0.65,-4:0.75,-3:0.85,-2:0.95,2:1,3:1.07,4:1.12,5:1.16,1.2",,,,1
2121111,,,,,,,,,2121111,,,,,,,,1,,,1,2,"-5:0.65,-4:0.75,-3:0.85,-2:0.95,2:1,3:1.07,4:1.12,5:1.16,1.2",,,,1
2122311,,,,,,,,,,,,,2122311,,,,1,,,1,12,"-5:0.65,-4:0.75,-3:0.85,-2:0.95,2:1,3:1.07,4:1.12,5:1.16,1.2",,,,1
4000011,,"1546,5164",0,0,,,,40110111,,,40110114,40110115,40110116,"1,3,12010","2,1",,1,,,1,2,,,,,
4000021,,,,,,1,,,1051612,,,,,"3,1009",,,1,,,1,2,,,,,
4000031,,"1546,5164",0,0,,,,40110111,,,40110114,40110115,40110116,"4,10",,,1,,,1,2,,,,,
4000041,,"1546,5164",0,0,,,,40110111,,,40110114,40110115,40110116,,,,1,,4000042,1,2,,,,,
4000042,,1354,0,0,,,,40110211,,40110213,40110214,40110215,,,,,1,,,1,2,,,,,
4011011,,"1546,5164",0,0,,,,40110111,,,40110114,40110115,40110116,,,,1,,,1,2,"-5:0.65,-4:0.75,-3:0.85,-2:0.95,2:1,3:1.07,4:1.12,5:1.16,1.2",,,,1
4011021,,1354,0,0,,,,40110211,,40110213,40110214,40110215,,,,,1,,,1,2,"-5:0.65,-4:0.75,-3:0.85,-2:0.95,2:1,3:1.07,4:1.12,5:1.16,1.2",,,,1
4011031,,216,0,0,,,,40110311,40110312,,,,40110316,,,,1,,,1,2,"-5:0.65,-4:0.75,-3:0.85,-2:0.95,2:1,3:1.07,4:1.12,5:1.16,1.2",,,,1
4012011,,"1546,5164",0,0,,,,40120111,,,40120114,40120115,40120116,,,,1,,,1,2,"-5:0.65,-4:0.75,-3:0.85,-2:0.95,2:1,3:1.07,4:1.12,5:1.16,1.2",,,,1
4012021,,1354,0,0,,,,40120211,,40120213,40120214,40120215,,,,,1,,,1,2,"-5:0.65,-4:0.75,-3:0.85,-2:0.95,2:1,3:1.07,4:1.12,5:1.16,1.2",,,,1
4012031,,216,0,0,,,,40120311,40120312,,,,40120316,,,,1,,,1,2,"-5:0.65,-4:0.75,-3:0.85,-2:0.95,2:1,3:1.07,4:1.12,5:1.16,1.2",,,,1
4013011,,154,0,0,,,,40130111,,,40130114,40130115,,,,,1,,,1,2,"-5:0.65,-4:0.75,-3:0.85,-2:0.95,2:1,3:1.07,4:1.12,5:1.16,1.2",,,,1
4013021,,"1256,5612",0,0,,,,40130211,40130212,,,40130215,40130216,,,,1,,,1,2,"-5:0.65,-4:0.75,-3:0.85,-2:0.95,2:1,3:1.07,4:1.12,5:1.16,1.2",,,,1
4013031,,"1235,5321",0,0,,,,40130311,40130312,40130313,,40130315,,,,,1,,,1,2,"-5:0.65,-4:0.75,-3:0.85,-2:0.95,2:1,3:1.07,4:1.12,5:1.16,1.2",,,,1
4013041,,"123456,546312",0,0,,,,40130411,40130412,40130413,40130414,40130415,40130416,,,,1,,,1,2,"-5:0.65,-4:0.75,-3:0.85,-2:0.95,2:1,3:1.07,4:1.12,5:1.16,1.2",,,,1
4013051,,"1456,5614",0,0,,,,,40130512,,40130514,40130515,40130516,,,,1,,,1,2,"-5:0.65,-4:0.75,-3:0.85,-2:0.95,2:1,3:1.07,4:1.12,5:1.16,1.2",,,,1
4013061,,"1346,6314",0,0,,,,40130611,,40130613,40130614,,40130616,,,,1,,,1,2,"-5:0.65,-4:0.75,-3:0.85,-2:0.95,2:1,3:1.07,4:1.12,5:1.16,1.2",,,,1
4011041,,1436,0,0,,,,40110411,,40110413,40110414,,40110416,,,,1,,,1,2,"-5:0.65,-4:0.75,-3:0.85,-2:0.95,2:1,3:1.07,4:1.12,5:1.16,1.2",,,,1
4011091,,2534,0,0,,,,,40110912,40110913,40110914,40110915,,,,,1,,,1,2,"-5:0.65,-4:0.75,-3:0.85,-2:0.95,2:1,3:1.07,4:1.12,5:1.16,1.2",,,,1
4011141,,1456,0,0,,,,40111411,,,40111414,40111415,40111416,,,,1,,,1,2,"-5:0.65,-4:0.75,-3:0.85,-2:0.95,2:1,3:1.07,4:1.12,5:1.16,1.2",,,,1
4011191,,2546,0,0,,,,,40111912,,40111914,40111915,40111916,,,,1,,,1,2,"-5:0.65,-4:0.75,-3:0.85,-2:0.95,2:1,3:1.07,4:1.12,5:1.16,1.2",,,,1
4011241,,1456,0,0,,,,40112411,,,40112414,40112415,40112416,,,,1,,,1,2,"-5:0.65,-4:0.75,-3:0.85,-2:0.95,2:1,3:1.07,4:1.12,5:1.16,1.2",,,,1
4012041,,4126,0,0,,,,40120411,40120412,,40120414,,40120416,,,,1,,,1,2,"-5:0.65,-4:0.75,-3:0.85,-2:0.95,2:1,3:1.07,4:1.12,5:1.16,1.2",,,,1
4012091,,1426,0,0,,,,40120911,40120912,,40120914,,40120916,,,,1,,,1,2,"-5:0.65,-4:0.75,-3:0.85,-2:0.95,2:1,3:1.07,4:1.12,5:1.16,1.2",,,,1
4012141,,6543,0,0,,,,,,40121413,40121414,40121415,40121416,,,,1,,,1,2,"-5:0.65,-4:0.75,-3:0.85,-2:0.95,2:1,3:1.07,4:1.12,5:1.16,1.2",,,,1
4012191,,1523,0,0,,,,40121911,40121912,40121913,,40121915,,,,,1,,,1,2,"-5:0.65,-4:0.75,-3:0.85,-2:0.95,2:1,3:1.07,4:1.12,5:1.16,1.2",,,,1
4012241,,3456,0,0,,,,,,40122413,40122414,40122415,40122416,,,,1,,,1,2,"-5:0.65,-4:0.75,-3:0.85,-2:0.95,2:1,3:1.07,4:1.12,5:1.16,1.2",,,,1
4013071,,12,0,0,,,,40130711,40130712,,,,,,,,1,,,1,2,"-5:0.65,-4:0.75,-3:0.85,-2:0.95,2:1,3:1.07,4:1.12,5:1.16,1.2",,,,1
4013081,,546,0,0,,,,,,,40130814,40130815,40130816,,,,1,,,1,2,"-5:0.65,-4:0.75,-3:0.85,-2:0.95,2:1,3:1.07,4:1.12,5:1.16,1.2",,,,1
4013091,,246,0,0,,,,,40130912,,40130914,,40130916,,,,1,,,1,2,"-5:0.65,-4:0.75,-3:0.85,-2:0.95,2:1,3:1.07,4:1.12,5:1.16,1.2",,,,1
4013101,,1256,0,0,,,,40131011,40131012,,,40131015,40131016,,,,1,,,1,2,"-5:0.65,-4:0.75,-3:0.85,-2:0.95,2:1,3:1.07,4:1.12,5:1.16,1.2",,,,1
4013111,,2413,0,0,,,,40131111,40131112,40131113,40131114,,,,,,1,,,1,2,"-5:0.65,-4:0.75,-3:0.85,-2:0.95,2:1,3:1.07,4:1.12,5:1.16,1.2",,,,1
4013121,,1246,0,0,,,,40131211,40131212,,40131214,,40131216,,,,1,,,1,2,"-5:0.65,-4:0.75,-3:0.85,-2:0.95,2:1,3:1.07,4:1.12,5:1.16,1.2",,,,1
4013131,,2345,0,0,,,,,40131312,40131313,40131314,40131315,,,,,1,,,1,2,"-5:0.65,-4:0.75,-3:0.85,-2:0.95,2:1,3:1.07,4:1.12,5:1.16,1.2",,,,1
4013141,,1246,0,0,,,,40131411,40131412,,40131414,,40131416,,,,1,,,1,2,"-5:0.65,-4:0.75,-3:0.85,-2:0.95,2:1,3:1.07,4:1.12,5:1.16,1.2",,,,1
4013151,,1356,0,0,,,,40131511,40131512,,,40131515,40131516,,,,1,,,1,2,"-5:0.65,-4:0.75,-3:0.85,-2:0.95,2:1,3:1.07,4:1.12,5:1.16,1.2",,,,1
4013161,,2456,0,0,,,,,40131612,,40131614,40131615,40131616,,,,1,,,1,2,"-5:0.65,-4:0.75,-3:0.85,-2:0.95,2:1,3:1.07,4:1.12,5:1.16,1.2",,,,1
4013171,,1346,0,0,,,,40131711,40131712,,40131714,,40131716,,,,1,,,1,2,"-5:0.65,-4:0.75,-3:0.85,-2:0.95,2:1,3:1.07,4:1.12,5:1.16,1.2",,,,1
4013181,,1435,0,0,,,,40131811,,40131813,40131814,40131815,,,,,1,,,1,2,"-5:0.65,-4:0.75,-3:0.85,-2:0.95,2:1,3:1.07,4:1.12,5:1.16,1.2",,,,1
4013191,,1246,0,0,,,,40131911,40131912,,40131914,40131915,,,,,1,,,1,2,"-5:0.65,-4:0.75,-3:0.85,-2:0.95,2:1,3:1.07,4:1.12,5:1.16,1.2",,,,1
4013201,,1436,0,0,,,,40132011,,40132013,40132014,,40132016,,,,1,,,1,2,"-5:0.65,-4:0.75,-3:0.85,-2:0.95,2:1,3:1.07,4:1.12,5:1.16,1.2",,,,1
4013211,,4123,0,0,,,,40132111,40132112,40132113,40132114,,,,,,1,,,1,2,"-5:0.65,-4:0.75,-3:0.85,-2:0.95,2:1,3:1.07,4:1.12,5:1.16,1.2",,,,1
4013221,,2546,0,0,,,,,40132212,,40132214,40132215,40132216,,,,1,,,1,2,"-5:0.65,-4:0.75,-3:0.85,-2:0.95,2:1,3:1.07,4:1.12,5:1.16,1.2",,,,1
4013231,,1526,0,0,,,,40132311,40132312,,,40132315,40132316,,,,1,,,1,2,"-5:0.65,-4:0.75,-3:0.85,-2:0.95,2:1,3:1.07,4:1.12,5:1.16,1.2",,,,1
4013241,,4156,0,0,,,,40132411,,,40132414,40132415,40132416,,,,1,,,1,2,"-5:0.65,-4:0.75,-3:0.85,-2:0.95,2:1,3:1.07,4:1.12,5:1.16,1.2",,,,1
4014011,,,,,,,,,40140112,,,,,,,,1,,,1,2,"-5:0.65,-4:0.75,-3:0.85,-2:0.95,2:1,3:1.07,4:1.12,5:1.16,1.2",,,,1
4014021,,,,,,,,,40140212,,,,,,,,1,,,1,2,"-5:0.65,-4:0.75,-3:0.85,-2:0.95,2:1,3:1.07,4:1.12,5:1.16,1.2",,,,1
4014031,,,,,,,,,40140312,,,,,,,,1,,,1,2,"-5:0.65,-4:0.75,-3:0.85,-2:0.95,2:1,3:1.07,4:1.12,5:1.16,1.2",,,,1
4014041,,,,,,,,,40140412,,,,,,,,1,,,1,2,"-5:0.65,-4:0.75,-3:0.85,-2:0.95,2:1,3:1.07,4:1.12,5:1.16,1.2",,,,1
4014051,,,,,,,,,40140512,,,,,,,,1,,,1,2,"-5:0.65,-4:0.75,-3:0.85,-2:0.95,2:1,3:1.07,4:1.12,5:1.16,1.2",,,,1
4014061,,,,,,,,,40140612,,,,,,,,1,,,1,2,"-5:0.65,-4:0.75,-3:0.85,-2:0.95,2:1,3:1.07,4:1.12,5:1.16,1.2",,,,1
4015011,,,,,,,,,40150112,,,,,,,,1,,,1,2,"-5:0.65,-4:0.75,-3:0.85,-2:0.95,2:1,3:1.07,4:1.12,5:1.16,1.2",,,,1
4015021,,,,,,,,,40150212,,,,,,,,1,,,1,2,"-5:0.65,-4:0.75,-3:0.85,-2:0.95,2:1,3:1.07,4:1.12,5:1.16,1.2",,,,1
4015031,,,,,,,,,40150312,,,,,,,,1,,,1,2,"-5:0.65,-4:0.75,-3:0.85,-2:0.95,2:1,3:1.07,4:1.12,5:1.16,1.2",,,,1
4015041,,,,,,,,,,,,,40150412,,,,1,,,1,12,"-5:0.65,-4:0.75,-3:0.85,-2:0.95,2:1,3:1.07,4:1.12,5:1.16,1.2",,,,1
4015051,,12,0,0,,,,40150511,40150512,40150513,40150514,,,"1,10,13005",,90,1,,,1,2,"-5:0.65,-4:0.75,-3:0.85,-2:0.95,2:1,3:1.07,4:1.12,5:1.16,1.2",,,,1
4015061,,2416,0,0,,,,40150611,40150612,,40150614,,40150616,,,,1,,4015062,1,2,"-5:0.65,-4:0.75,-3:0.85,-2:0.95,2:1,3:1.07,4:1.12,5:1.16,1.2",,,,1
4015062,,3456,0,0,,,,,,40150623,40150624,40150625,40150626,,,,1,,,1,2,"-5:0.65,-4:0.75,-3:0.85,-2:0.95,2:1,3:1.07,4:1.12,5:1.16,1.2",,,,1
4022011,,4235,3,8888,,,,,40220112,40220113,40220114,40220115,,,,,1,,,1,2,"-5:0.65,-4:0.75,-3:0.85,-2:0.95,2:1,3:1.07,4:1.12,5:1.16,1.2",,,,1
4022061,,5126,3,8888,,,,40220611,40220612,,,40220615,40220616,,,,1,,,1,2,"-5:0.65,-4:0.75,-3:0.85,-2:0.95,2:1,3:1.07,4:1.12,5:1.16,1.2",,,,1
4022111,,6351,3,8888,,,,40221111,,40221113,,40221115,40221116,,,,1,,,1,2,"-5:0.65,-4:0.75,-3:0.85,-2:0.95,2:1,3:1.07,4:1.12,5:1.16,1.2",,,,1
4022161,,24,3,8888,,,,40221611,40221612,40221613,40221614,,,,,,1,,,1,2,"-5:0.65,-4:0.75,-3:0.85,-2:0.95,2:1,3:1.07,4:1.12,5:1.16,1.2",,,,1
4022211,,6235,3,8888,,,,,40222112,40222113,,40222115,40222116,,,,1,,,1,2,"-5:0.65,-4:0.75,-3:0.85,-2:0.95,2:1,3:1.07,4:1.12,5:1.16,1.2",,,,1
4022261,,5624,3,8888,,,,,40222612,,40222614,40222615,40222616,,,,1,,,1,2,"-5:0.65,-4:0.75,-3:0.85,-2:0.95,2:1,3:1.07,4:1.12,5:1.16,1.2",,,,1
4022311,,4216,3,8888,,,,40223111,40223112,,40223114,,40223116,,,,1,,,1,2,"-5:0.65,-4:0.75,-3:0.85,-2:0.95,2:1,3:1.07,4:1.12,5:1.16,1.2",,,,1
4022361,,4236,3,8888,,,,,40223612,40223613,40223614,,40223616,,,,1,,,1,2,"-5:0.65,-4:0.75,-3:0.85,-2:0.95,2:1,3:1.07,4:1.12,5:1.16,1.2",,,,1
4022411,,5246,3,8888,,,,,40224112,,40224114,40224115,40224116,,,,1,,,1,2,"-5:0.65,-4:0.75,-3:0.85,-2:0.95,2:1,3:1.07,4:1.12,5:1.16,1.2",,,,1
4022461,,6342,3,8888,,,,,40224612,40224613,40224614,,40224616,,,,1,,,1,2,"-5:0.65,-4:0.75,-3:0.85,-2:0.95,2:1,3:1.07,4:1.12,5:1.16,1.2",,,,1
4022511,,5234,3,8888,,,,,40225112,40225113,40225114,40225112,,,,,1,,,1,2,"-5:0.65,-4:0.75,-3:0.85,-2:0.95,2:1,3:1.07,4:1.12,5:1.16,1.2",,,,1
4023011,,5612,3,8888,,,,40230111,40230112,,,40230115,40230116,,,,1,,,1,2,"-5:0.65,-4:0.75,-3:0.85,-2:0.95,2:1,3:1.07,4:1.12,5:1.16,1.2",,,,1
4023021,,6312,3,8888,,,,40230211,40230212,40230213,,,40230216,,,,1,,,1,2,"-5:0.65,-4:0.75,-3:0.85,-2:0.95,2:1,3:1.07,4:1.12,5:1.16,1.2",,,,1
4023031,,4153,3,8888,,,,40230311,,40230313,40230314,40230315,,,,,1,,,1,2,"-5:0.65,-4:0.75,-3:0.85,-2:0.95,2:1,3:1.07,4:1.12,5:1.16,1.2",,,,1
4023041,,4263,3,8888,,,,,40230412,40230413,40230414,,40230416,,,,1,,,1,2,"-5:0.65,-4:0.75,-3:0.85,-2:0.95,2:1,3:1.07,4:1.12,5:1.16,1.2",,,,1
4023051,,4153,3,8888,,,,40230511,,40230513,40230514,40230515,,,,,1,,,1,2,"-5:0.65,-4:0.75,-3:0.85,-2:0.95,2:1,3:1.07,4:1.12,5:1.16,1.2",,,,1
4023061,,2546,3,8888,,,,,40230612,,40230614,40230615,40230616,,,,1,,,1,2,"-5:0.65,-4:0.75,-3:0.85,-2:0.95,2:1,3:1.07,4:1.12,5:1.16,1.2",,,,1
4023071,,1356,3,8888,,,,40230711,,40230713,,40230715,40230716,,,,1,,,1,2,"-5:0.65,-4:0.75,-3:0.85,-2:0.95,2:1,3:1.07,4:1.12,5:1.16,1.2",,,,1
4023081,,1346,3,8888,,,,40230811,,40230813,40230814,,40230816,,,,1,,,1,2,"-5:0.65,-4:0.75,-3:0.85,-2:0.95,2:1,3:1.07,4:1.12,5:1.16,1.2",,,,1
4023091,,2456,3,8888,,,,,40230912,,40230914,40230915,40230916,,,,1,,,1,2,"-5:0.65,-4:0.75,-3:0.85,-2:0.95,2:1,3:1.07,4:1.12,5:1.16,1.2",,,,1
4023101,,4513,3,8888,,,,40231011,,40231013,40231014,40231015,,,,,1,,,1,2,"-5:0.65,-4:0.75,-3:0.85,-2:0.95,2:1,3:1.07,4:1.12,5:1.16,1.2",,,,1
4023111,,4521,3,8888,,,,40231111,40231112,,40231114,40231115,,,,,1,,,1,2,"-5:0.65,-4:0.75,-3:0.85,-2:0.95,2:1,3:1.07,4:1.12,5:1.16,1.2",,,,1
4023121,,2346,3,8888,,,,,40231212,40231213,40231214,,40231216,,,,1,,,1,2,"-5:0.65,-4:0.75,-3:0.85,-2:0.95,2:1,3:1.07,4:1.12,5:1.16,1.2",,,,1
4023131,,4162,3,8888,,,,40231311,40231312,,,40231315,40231316,,,,1,,,1,2,"-5:0.65,-4:0.75,-3:0.85,-2:0.95,2:1,3:1.07,4:1.12,5:1.16,1.2",,,,1
4023141,,2546,3,8888,,,,,40231412,,40231414,40231415,40231416,,,,1,,,1,2,"-5:0.65,-4:0.75,-3:0.85,-2:0.95,2:1,3:1.07,4:1.12,5:1.16,1.2",,,,1
4023151,,1346,3,8888,,,,40231511,,40231513,40231514,,40231516,,,,1,,,1,2,"-5:0.65,-4:0.75,-3:0.85,-2:0.95,2:1,3:1.07,4:1.12,5:1.16,1.2",,,,1
4023161,,5623,3,8888,,,,,40231612,40231613,,40231615,40231616,,,,1,,,1,2,"-5:0.65,-4:0.75,-3:0.85,-2:0.95,2:1,3:1.07,4:1.12,5:1.16,1.2",,,,1
4023171,,561,3,8888,,,,40231711,40231712,,,40231715,40231716,,,,1,,,1,2,"-5:0.65,-4:0.75,-3:0.85,-2:0.95,2:1,3:1.07,4:1.12,5:1.16,1.2",,,,1
4023181,,153,3,8888,,,,40231811,40231812,40231813,,40231815,,,,,1,,,1,2,"-5:0.65,-4:0.75,-3:0.85,-2:0.95,2:1,3:1.07,4:1.12,5:1.16,1.2",,,,1
4023191,,64263,3,8888,,,,,40231912,40231913,40231914,,40231916,,,,1,,,1,2,"-5:0.65,-4:0.75,-3:0.85,-2:0.95,2:1,3:1.07,4:1.12,5:1.16,1.2",,,,1
4023201,,,,,,,,,40232012,40232013,,40232015,40232016,,,,1,,,1,2,"-5:0.65,-4:0.75,-3:0.85,-2:0.95,2:1,3:1.07,4:1.12,5:1.16,1.2",,,,1
4023211,,4632,3,8888,,,,,40232112,40232113,40232114,,40232116,,,,1,,,1,2,"-5:0.65,-4:0.75,-3:0.85,-2:0.95,2:1,3:1.07,4:1.12,5:1.16,1.2",,,,1
4023221,,5621,3,8888,,,,40232211,40232212,,,40232215,40232216,,,,1,,,1,2,"-5:0.65,-4:0.75,-3:0.85,-2:0.95,2:1,3:1.07,4:1.12,5:1.16,1.2",,,,1
4023231,,1245,3,8888,,,,40232311,40232312,,40232314,40232315,,,,,1,,,1,2,"-5:0.65,-4:0.75,-3:0.85,-2:0.95,2:1,3:1.07,4:1.12,5:1.16,1.2",,,,1
4023241,,614,3,8888,,,,,40232412,,40232414,40232415,40232416,,,,1,,,1,2,"-5:0.65,-4:0.75,-3:0.85,-2:0.95,2:1,3:1.07,4:1.12,5:1.16,1.2",,,,1
4023251,,4253,3,8888,,,,,40232512,40232513,40232514,40232515,,,,,1,,,1,2,"-5:0.65,-4:0.75,-3:0.85,-2:0.95,2:1,3:1.07,4:1.12,5:1.16,1.2",,,,1
4023261,,1452,3,8888,,,,40232611,40232612,,40232614,40232615,,,,,1,,,1,2,"-5:0.65,-4:0.75,-3:0.85,-2:0.95,2:1,3:1.07,4:1.12,5:1.16,1.2",,,,1
4023271,,1452,3,8888,,,,40232711,40232712,,40232714,40232715,,,,,1,,,1,2,"-5:0.65,-4:0.75,-3:0.85,-2:0.95,2:1,3:1.07,4:1.12,5:1.16,1.2",,,,1
4023281,,4152,3,8888,,,,40232811,40232812,,40232814,40232815,,,,,1,,,1,2,"-5:0.65,-4:0.75,-3:0.85,-2:0.95,2:1,3:1.07,4:1.12,5:1.16,1.2",,,,1
4023291,,421,3,8888,,,,40232911,40232912,,,40232915,40232916,,,,1,,,1,2,"-5:0.65,-4:0.75,-3:0.85,-2:0.95,2:1,3:1.07,4:1.12,5:1.16,1.2",,,,1
4023301,,3452,3,8888,,,,,40233012,40233013,40233014,40233015,,,,,1,,,1,2,"-5:0.65,-4:0.75,-3:0.85,-2:0.95,2:1,3:1.07,4:1.12,5:1.16,1.2",,,,1
4023311,,5,3,8888,,,,40233111,40233112,40233113,,40233115,,,,,1,,,1,2,"-5:0.65,-4:0.75,-3:0.85,-2:0.95,2:1,3:1.07,4:1.12,5:1.16,1.2",,,,1
4024011,,,,,,,,,40240112,,,,,,,,1,,,1,2,"-5:0.65,-4:0.75,-3:0.85,-2:0.95,2:1,3:1.07,4:1.12,5:1.16,1.2",,,,1
4024021,,,,,,,,,40240212,,,,,,,,1,,,1,2,"-5:0.65,-4:0.75,-3:0.85,-2:0.95,2:1,3:1.07,4:1.12,5:1.16,1.2",,,,1
4024031,,,,,,,,,,,,,40240316,,,,1,,,1,12,"-5:0.65,-4:0.75,-3:0.85,-2:0.95,2:1,3:1.07,4:1.12,5:1.16,1.2",,,,1
4024041,,,,,,,,,40240412,,,,,,,,1,,,1,2,"-5:0.65,-4:0.75,-3:0.85,-2:0.95,2:1,3:1.07,4:1.12,5:1.16,1.2",,,,1
4024051,,,,,,,,,40240512,,,,,,,,1,,,1,2,"-5:0.65,-4:0.75,-3:0.85,-2:0.95,2:1,3:1.07,4:1.12,5:1.16,1.2",,,,1
4024061,,,,,,,,,40240612,,,,,,,,1,,,1,2,"-5:0.65,-4:0.75,-3:0.85,-2:0.95,2:1,3:1.07,4:1.12,5:1.16,1.2",,,,1
4025011,,,,,,,,,40250112,,,,,,,,1,,,1,2,"-5:0.65,-4:0.75,-3:0.85,-2:0.95,2:1,3:1.07,4:1.12,5:1.16,1.2",,,,1
4025021,,5632,3,8888,,,,,40250212,40250213,,40250215,40250216,,,,1,,4025022,1,2,"-5:0.65,-4:0.75,-3:0.85,-2:0.95,2:1,3:1.07,4:1.12,5:1.16,1.2",,,,1
4025022,,2356,3,8888,,,,,40250222,40250223,,40250225,40250226,,,,1,,,1,2,"-5:0.65,-4:0.75,-3:0.85,-2:0.95,2:1,3:1.07,4:1.12,5:1.16,1.2",,,,1
4025031,,,,,,,,,40250312,,,,,,,,1,,,1,2,"-5:0.65,-4:0.75,-3:0.85,-2:0.95,2:1,3:1.07,4:1.12,5:1.16,1.2",,,,1
4025041,,,,,,,,,40250412,,,,,,,,1,,,1,2,"-5:0.65,-4:0.75,-3:0.85,-2:0.95,2:1,3:1.07,4:1.12,5:1.16,1.2",,,,1
4025051,,36,3,2000,,,,,40250512,40250513,,40250515,40250516,"1,10,13013",,90,1,,,1,2,"-5:0.65,-4:0.75,-3:0.85,-2:0.95,2:1,3:1.07,4:1.12,5:1.16,1.2",,,,1
4025061,,246,3,8888,,,,,40250612,,40250614,,40250616,,,,1,,4025062,1,2,"-5:0.65,-4:0.75,-3:0.85,-2:0.95,2:1,3:1.07,4:1.12,5:1.16,1.2",,,,1
4025062,,1346,3,8888,,,,40250621,,40250623,40250624,,40250626,,,,1,,,1,2,"-5:0.65,-4:0.75,-3:0.85,-2:0.95,2:1,3:1.07,4:1.12,5:1.16,1.2",,,,1
4025071,,456,3,8888,,,,40250711,40250712,40250713,40250714,40250715,40250716,"1,3,11017",,90,1,,,1,2,"-5:0.65,-4:0.75,-3:0.85,-2:0.95,2:1,3:1.07,4:1.12,5:1.16,1.2",,,,1
4025081,,,,,,,,40250811,40250812,,40250814,40250815,,"1,10,11004",,90,1,,,1,2,"-5:0.65,-4:0.75,-3:0.85,-2:0.95,2:1,3:1.07,4:1.12,5:1.16,1.2",,,,1
4025091,,,,,,,,,40250912,,,,,,,,1,,,1,2,"-5:0.65,-4:0.75,-3:0.85,-2:0.95,2:1,3:1.07,4:1.12,5:1.16,1.2",,,,1
4025101,,,,,,,,,40251012,,,,,,,,1,,,1,2,"-5:0.65,-4:0.75,-3:0.85,-2:0.95,2:1,3:1.07,4:1.12,5:1.16,1.2",,,,1
4025111,,,,,,,,,40251112,,,,,,,,1,,,1,2,"-5:0.65,-4:0.75,-3:0.85,-2:0.95,2:1,3:1.07,4:1.12,5:1.16,1.2",,,,1
4025121,,,,,,,,,40251212,,,,,,,,1,,,1,2,"-5:0.65,-4:0.75,-3:0.85,-2:0.95,2:1,3:1.07,4:1.12,5:1.16,1.2",,,,1
5010011,,3264,6,8888,,,,,50100112,50100113,50100114,,50100116,,,,1,,,1,2,"-5:0.65,-4:0.75,-3:0.85,-2:0.95,2:1,3:1.07,4:1.12,5:1.16,1.2",,,,1
5010021,,3154,6,8888,,,,50100211,,50100213,50100214,50100215,,,,,1,,,1,2,"-5:0.65,-4:0.75,-3:0.85,-2:0.95,2:1,3:1.07,4:1.12,5:1.16,1.2",,,,1
5010031,,,,,,,,,50100315,,,,,,,,1,,,1,2,"-5:0.65,-4:0.75,-3:0.85,-2:0.95,2:1,3:1.07,4:1.12,5:1.16,1.2",,,,1
5010041,,1546,3,8888,,,,50100411,,,50100414,50100415,50100416,,,,1,,,1,2,"-5:0.65,-4:0.75,-3:0.85,-2:0.95,2:1,3:1.07,4:1.12,5:1.16,1.2",,,,1
5010051,,1365,6,8888,,,,50100511,,50100513,,50100515,50100516,,,,1,,,1,2,"-5:0.65,-4:0.75,-3:0.85,-2:0.95,2:1,3:1.07,4:1.12,5:1.16,1.2",,,,1
5010061,,,,,,,,,50100615,,,,,,,,1,,,1,2,"-5:0.65,-4:0.75,-3:0.85,-2:0.95,2:1,3:1.07,4:1.12,5:1.16,1.2",,,,1
5020011,,2146,6,8888,,,,50200111,50200112,,50200114,,50200116,,,,1,,,1,2,"-5:0.65,-4:0.75,-3:0.85,-2:0.95,2:1,3:1.07,4:1.12,5:1.16,1.2",,,,1
5020021,,3542,6,8888,,,,,50200212,50200213,50200214,50200215,,,,,1,,,1,2,"-5:0.65,-4:0.75,-3:0.85,-2:0.95,2:1,3:1.07,4:1.12,5:1.16,1.2",,,,1
5020031,,,,,,,,,50200315,,,,,,,,1,,,1,2,"-5:0.65,-4:0.75,-3:0.85,-2:0.95,2:1,3:1.07,4:1.12,5:1.16,1.2",,,,1
5020041,,2364,6,8888,,,,,50200412,50200413,50200414,,50200416,,,,1,,,1,2,"-5:0.65,-4:0.75,-3:0.85,-2:0.95,2:1,3:1.07,4:1.12,5:1.16,1.2",,,,1
5020051,,2146,6,8888,,,,50200511,50200512,,50200514,,50200516,,,,1,,,1,2,"-5:0.65,-4:0.75,-3:0.85,-2:0.95,2:1,3:1.07,4:1.12,5:1.16,1.2",,,,1
5020061,,,,,,,,,50200615,,,,,,,,1,,,1,2,"-5:0.65,-4:0.75,-3:0.85,-2:0.95,2:1,3:1.07,4:1.12,5:1.16,1.2",,,,1
5030011,,1354,6,8888,,,,50300111,,50300113,50300114,50300115,,,,,1,,,1,2,"-5:0.65,-4:0.75,-3:0.85,-2:0.95,2:1,3:1.07,4:1.12,5:1.16,1.2",,,,1
5030021,1,1346,6,8888,,,,50300211,,50300213,50300214,,50300216,,,,1,,,5,6,"-5:0.65,-4:0.75,-3:0.85,-2:0.95,2:1,3:1.07,4:1.12,5:1.16,1.2",,,,1
5030031,,,,,,,,,50300315,,,,,,,,1,,,1,2,"-5:0.65,-4:0.75,-3:0.85,-2:0.95,2:1,3:1.07,4:1.12,5:1.16,1.2",,,,1
5030041,,2146,6,8888,,,,50300411,50300412,,50300414,,50300416,,,,1,,,1,2,"-5:0.65,-4:0.75,-3:0.85,-2:0.95,2:1,3:1.07,4:1.12,5:1.16,1.2",,,,1
5030051,,2156,6,8888,,,,50300511,50300512,,,50300515,50300516,,,,1,,,1,2,"-5:0.65,-4:0.75,-3:0.85,-2:0.95,2:1,3:1.07,4:1.12,5:1.16,1.2",,,,1
5030061,,,,,,,,,50300615,,,,,,,,1,,,1,2,"-5:0.65,-4:0.75,-3:0.85,-2:0.95,2:1,3:1.07,4:1.12,5:1.16,1.2",,,,1
5040011,,1624,6,8888,,,,50400111,50400112,,50400114,,50400116,,,,1,,,1,2,"-5:0.65,-4:0.75,-3:0.85,-2:0.95,2:1,3:1.07,4:1.12,5:1.16,1.2",,,,1
5040021,1,3461,6,8888,,,,50400211,,50400213,50400214,,50400216,,,,1,,,11,10,"-5:0.65,-4:0.75,-3:0.85,-2:0.95,2:1,3:1.07,4:1.12,5:1.16,1.2",,,,1
5040031,,,,,,,,,,,,,50400315,,,,1,,,1,12,"-5:0.65,-4:0.75,-3:0.85,-2:0.95,2:1,3:1.07,4:1.12,5:1.16,1.2",,,,1
5040041,,4532,6,8888,,,,,50400412,50400413,50400414,50400415,,,,,1,,,1,2,"-5:0.65,-4:0.75,-3:0.85,-2:0.95,2:1,3:1.07,4:1.12,5:1.16,1.2",,,,1
5040051,,1256,6,8888,,,,50400511,50400512,,,50400515,50400516,,,,1,,,1,2,"-5:0.65,-4:0.75,-3:0.85,-2:0.95,2:1,3:1.07,4:1.12,5:1.16,1.2",,,,1
5040061,,,,,,,,,50400615,,,,,,,,1,,,1,2,"-5:0.65,-4:0.75,-3:0.85,-2:0.95,2:1,3:1.07,4:1.12,5:1.16,1.2",,,,1
5050011,,5124,6,8888,,,,50500111,50500112,,50500114,50500115,,,,,1,,,1,2,"-5:0.65,-4:0.75,-3:0.85,-2:0.95,2:1,3:1.07,4:1.12,5:1.16,1.2",,,,1
5050021,,1234,6,8888,,,,50500211,50500212,,50500214,50500215,,,,,1,,,1,2,"-5:0.65,-4:0.75,-3:0.85,-2:0.95,2:1,3:1.07,4:1.12,5:1.16,1.2",,,,1
5050031,,,,,,,,,50500315,,,,,,,,1,,,1,2,"-5:0.65,-4:0.75,-3:0.85,-2:0.95,2:1,3:1.07,4:1.12,5:1.16,1.2",,,,1
5050041,,4562,6,8888,,,,,50500412,,50500414,50500415,50500416,,,,1,,,1,2,"-5:0.65,-4:0.75,-3:0.85,-2:0.95,2:1,3:1.07,4:1.12,5:1.16,1.2",,,,1
5050051,1,1426,6,8888,,,,50500511,50500512,,50500514,,50500516,,,,1,,,5,6,"-5:0.65,-4:0.75,-3:0.85,-2:0.95,2:1,3:1.07,4:1.12,5:1.16,1.2",,,,1
5050061,,,,,,,,,50500615,,,,,,,,1,,,1,2,"-5:0.65,-4:0.75,-3:0.85,-2:0.95,2:1,3:1.07,4:1.12,5:1.16,1.2",,,,1
5060011,,3645,6,8888,,,,,,50600113,50600114,50600115,50600116,,,,1,,,1,2,"-5:0.65,-4:0.75,-3:0.85,-2:0.95,2:1,3:1.07,4:1.12,5:1.16,1.2",,,,1
5060021,,3625,6,8888,,,,,50600212,50600213,,50600215,50600216,,,,1,,,1,2,"-5:0.65,-4:0.75,-3:0.85,-2:0.95,2:1,3:1.07,4:1.12,5:1.16,1.2",,,,1
5060031,,,,,,,,,50600315,,,,,,,,1,,,1,2,"-5:0.65,-4:0.75,-3:0.85,-2:0.95,2:1,3:1.07,4:1.12,5:1.16,1.2",,,,1
5060041,1,1245,6,8888,,,,50600411,50600412,,50600414,50600415,,,,,1,,,11,10,"-5:0.65,-4:0.75,-3:0.85,-2:0.95,2:1,3:1.07,4:1.12,5:1.16,1.2",,,,1
5060051,,1354,6,8888,,,,50600511,,50600513,50600514,50600515,,,,,1,,,1,2,"-5:0.65,-4:0.75,-3:0.85,-2:0.95,2:1,3:1.07,4:1.12,5:1.16,1.2",,,,1
5060061,,,,,,,,,50600615,,,,,,,,1,,,1,2,"-5:0.65,-4:0.75,-3:0.85,-2:0.95,2:1,3:1.07,4:1.12,5:1.16,1.2",,,,1
5070011,,3524,6,8888,,,,,50700112,50700113,50700114,50700115,,,,,1,,,1,2,"-5:0.65,-4:0.75,-3:0.85,-2:0.95,2:1,3:1.07,4:1.12,5:1.16,1.2",,,,1
5070021,,5361,6,8888,,,,50700211,,50700213,,50700215,50700216,,,,1,,,1,2,"-5:0.65,-4:0.75,-3:0.85,-2:0.95,2:1,3:1.07,4:1.12,5:1.16,1.2",,,,1
5070031,,,,,,,,,50700315,,,,,,,,1,,,1,2,"-5:0.65,-4:0.75,-3:0.85,-2:0.95,2:1,3:1.07,4:1.12,5:1.16,1.2",,,,1
5070041,,25456,6,8888,,,,,50700412,,50700414,50700415,50700416,,,,1,,,1,2,"-5:0.65,-4:0.75,-3:0.85,-2:0.95,2:1,3:1.07,4:1.12,5:1.16,1.2",,,,1
5070051,,2346,6,8888,,,,,50700512,50700513,50700514,,50700516,,,,1,,,1,2,"-5:0.65,-4:0.75,-3:0.85,-2:0.95,2:1,3:1.07,4:1.12,5:1.16,1.2",,,,1
5070061,,,,,,,,,50700615,,,,,,,,1,,,1,2,"-5:0.65,-4:0.75,-3:0.85,-2:0.95,2:1,3:1.07,4:1.12,5:1.16,1.2",,,,1
5080011,,4216,6,8888,,,,50800111,50800112,,50800114,,50800116,,,,1,,,1,2,"-5:0.65,-4:0.75,-3:0.85,-2:0.95,2:1,3:1.07,4:1.12,5:1.16,1.2",,,,1
5080021,,4562,6,8888,,,,,50800212,,50800214,50800215,50800216,,,,1,,,1,2,"-5:0.65,-4:0.75,-3:0.85,-2:0.95,2:1,3:1.07,4:1.12,5:1.16,1.2",,,,1
5080031,,,,,,,,,50800315,,,,,,,,1,,,1,2,"-5:0.65,-4:0.75,-3:0.85,-2:0.95,2:1,3:1.07,4:1.12,5:1.16,1.2",,,,1
5080041,,2563,6,8888,,,,,50800412,50800413,,50800415,50800416,,,,1,,,1,2,"-5:0.65,-4:0.75,-3:0.85,-2:0.95,2:1,3:1.07,4:1.12,5:1.16,1.2",,,,1
5080051,,1245,6,8888,,,,50800511,50800512,,50800514,50800515,,,,,1,,,1,2,"-5:0.65,-4:0.75,-3:0.85,-2:0.95,2:1,3:1.07,4:1.12,5:1.16,1.2",,,,1
5080061,,,,,,,,,50800615,,,,,,,,1,,,1,2,"-5:0.65,-4:0.75,-3:0.85,-2:0.95,2:1,3:1.07,4:1.12,5:1.16,1.2",,,,1
5090011,,3165,6,8888,,,,50900111,,50900113,50900114,,50900116,,,,1,,,1,2,"-5:0.65,-4:0.75,-3:0.85,-2:0.95,2:1,3:1.07,4:1.12,5:1.16,1.2",,,,1
5090021,1,1564,3,8888,,,,50900211,,,50900214,50900215,50900216,,,,1,,,5,6,"-5:0.65,-4:0.75,-3:0.85,-2:0.95,2:1,3:1.07,4:1.12,5:1.16,1.2",,,,1
5090031,,,,,,,,,50900315,,,,,,,,1,,,1,2,"-5:0.65,-4:0.75,-3:0.85,-2:0.95,2:1,3:1.07,4:1.12,5:1.16,1.2",,,,1
5090041,,4261,6,8888,,,,50900411,50900412,,50900414,,50900416,,,,1,,,1,2,"-5:0.65,-4:0.75,-3:0.85,-2:0.95,2:1,3:1.07,4:1.12,5:1.16,1.2",,,,1
5090051,,3625,6,8888,,,,,50900512,50900513,,50900515,50900516,,,,1,,,1,2,"-5:0.65,-4:0.75,-3:0.85,-2:0.95,2:1,3:1.07,4:1.12,5:1.16,1.2",,,,1
5090061,,,,,,,,,50900615,,,,,,,,1,,,1,2,"-5:0.65,-4:0.75,-3:0.85,-2:0.95,2:1,3:1.07,4:1.12,5:1.16,1.2",,,,1
5100011,,4512,6,8888,,,,51000111,51000112,,51000114,51000115,,,,,1,,,1,2,"-5:0.65,-4:0.75,-3:0.85,-2:0.95,2:1,3:1.07,4:1.12,5:1.16,1.2",,,,1
5100021,,2356,6,8888,,,,,51000212,51000213,,51000215,51000216,,,,1,,,1,2,"-5:0.65,-4:0.75,-3:0.85,-2:0.95,2:1,3:1.07,4:1.12,5:1.16,1.2",,,,1
5100031,,,,,,,,,51000312,,,,,,,,1,,,1,2,"-5:0.65,-4:0.75,-3:0.85,-2:0.95,2:1,3:1.07,4:1.12,5:1.16,1.2",,,,1
5100041,,2436,6,8888,,,,,51000412,51000413,51000414,,51000416,,,,1,,,1,2,"-5:0.65,-4:0.75,-3:0.85,-2:0.95,2:1,3:1.07,4:1.12,5:1.16,1.2",,,,1
5100051,,2356,6,8888,,,,,51000512,51000513,,51000515,51000516,,,,1,,,1,2,"-5:0.65,-4:0.75,-3:0.85,-2:0.95,2:1,3:1.07,4:1.12,5:1.16,1.2",,,,1
5100061,,,,,,,,,51000612,,,,,,,,1,,,1,2,"-5:0.65,-4:0.75,-3:0.85,-2:0.95,2:1,3:1.07,4:1.12,5:1.16,1.2",,,,1
5110011,,1246,6,8888,,,,51100111,51100112,,51100114,,51100116,,,,1,,,1,2,"-5:0.65,-4:0.75,-3:0.85,-2:0.95,2:1,3:1.07,4:1.12,5:1.16,1.2",,,,1
5110021,,1346,6,8888,,,,51100211,,51100213,51100214,,51100216,,,,1,,,1,2,"-5:0.65,-4:0.75,-3:0.85,-2:0.95,2:1,3:1.07,4:1.12,5:1.16,1.2",,,,1
5110031,,,,,,,,,51100312,,,,,,,,1,,,1,2,"-5:0.65,-4:0.75,-3:0.85,-2:0.95,2:1,3:1.07,4:1.12,5:1.16,1.2",,,,1
5110041,,3426,6,8888,,,,,51100412,51100413,,51100415,51100416,,,,1,,,1,2,"-5:0.65,-4:0.75,-3:0.85,-2:0.95,2:1,3:1.07,4:1.12,5:1.16,1.2",,,,1
5110051,,1452,8,8888,,,,51100511,51100512,,51100514,51100515,,,,,1,,,1,2,"-5:0.65,-4:0.75,-3:0.85,-2:0.95,2:1,3:1.07,4:1.12,5:1.16,1.2",,,,1
5110061,,,,,,,,,51100612,,,,,,,,1,,,1,2,"-5:0.65,-4:0.75,-3:0.85,-2:0.95,2:1,3:1.07,4:1.12,5:1.16,1.2",,,,1
5120011,,1364,8,8888,,,,51200111,,51200113,51200114,,51200116,,,,1,,,1,2,"-5:0.65,-4:0.75,-3:0.85,-2:0.95,2:1,3:1.07,4:1.12,5:1.16,1.2",,,,1
5120021,1,2345,6,8888,,,,,51200212,51200213,51200214,51200215,,,,,1,,,5,6,"-5:0.65,-4:0.75,-3:0.85,-2:0.95,2:1,3:1.07,4:1.12,5:1.16,1.2",,,,1
5120031,,,,,,,,,51200312,,,,,,,,1,,,1,2,"-5:0.65,-4:0.75,-3:0.85,-2:0.95,2:1,3:1.07,4:1.12,5:1.16,1.2",,,,1
5120041,,1425,6,8888,,,,51200411,51200412,,51200414,51200415,,,,,1,,,1,2,"-5:0.65,-4:0.75,-3:0.85,-2:0.95,2:1,3:1.07,4:1.12,5:1.16,1.2",,,,1
5120051,,2516,6,8888,,,,51200511,51200512,,,51200515,51200516,,,,1,,,1,2,"-5:0.65,-4:0.75,-3:0.85,-2:0.95,2:1,3:1.07,4:1.12,5:1.16,1.2",,,,1
5120061,,,,,,,,,51200612,,,,,,,,1,,,1,2,"-5:0.65,-4:0.75,-3:0.85,-2:0.95,2:1,3:1.07,4:1.12,5:1.16,1.2",,,,1
5130011,,1246,8,8888,,,,51300111,51300112,,51300114,,51300116,,,,1,,,1,2,"-5:0.65,-4:0.75,-3:0.85,-2:0.95,2:1,3:1.07,4:1.12,5:1.16,1.2",,,,1
5130021,1,5136,6,8888,,,,51300211,,51300213,,51300215,51300216,,,,1,,,11,10,"-5:0.65,-4:0.75,-3:0.85,-2:0.95,2:1,3:1.07,4:1.12,5:1.16,1.2",,,,1
5130031,,,,,,,,,51300312,,,,,,,,1,,,1,2,"-5:0.65,-4:0.75,-3:0.85,-2:0.95,2:1,3:1.07,4:1.12,5:1.16,1.2",,,,1
5130041,,1245,6,8888,,,,51300411,51300412,,51300414,51300415,,,,,1,,,1,2,"-5:0.65,-4:0.75,-3:0.85,-2:0.95,2:1,3:1.07,4:1.12,5:1.16,1.2",,,,1
5130051,,4356,6,8888,,,,,,51300513,51300514,51300515,51300516,,,,1,,,1,2,"-5:0.65,-4:0.75,-3:0.85,-2:0.95,2:1,3:1.07,4:1.12,5:1.16,1.2",,,,1
5130061,,,,,,,,,51300612,,,,,,,,1,,,1,2,"-5:0.65,-4:0.75,-3:0.85,-2:0.95,2:1,3:1.07,4:1.12,5:1.16,1.2",,,,1
5140011,,2416,6,8888,,,,51400111,51400112,,51400114,,51400116,,,,1,,,1,2,"-5:0.65,-4:0.75,-3:0.85,-2:0.95,2:1,3:1.07,4:1.12,5:1.16,1.2",,,,1
5140021,,4562,6,8888,,,,,51400212,,51400214,51400215,51400216,,,,1,,,1,2,"-5:0.65,-4:0.75,-3:0.85,-2:0.95,2:1,3:1.07,4:1.12,5:1.16,1.2",,,,1
5140031,,,,,,,,,51400312,,,,,,,,1,,,1,2,"-5:0.65,-4:0.75,-3:0.85,-2:0.95,2:1,3:1.07,4:1.12,5:1.16,1.2",,,,1
5140041,,1246,6,8888,,,,51400411,51400412,,51400414,,51400416,,,,1,,,1,2,"-5:0.65,-4:0.75,-3:0.85,-2:0.95,2:1,3:1.07,4:1.12,5:1.16,1.2",,,,1
5140051,1,4512,6,8888,,,,51400511,51400512,,51400514,51400515,,,,,1,,,5,6,"-5:0.65,-4:0.75,-3:0.85,-2:0.95,2:1,3:1.07,4:1.12,5:1.16,1.2",,,,1
5140061,,,,,,,,,51400612,,,,,,,,1,,,1,2,"-5:0.65,-4:0.75,-3:0.85,-2:0.95,2:1,3:1.07,4:1.12,5:1.16,1.2",,,,1
5150011,,3641,6,8888,,,,51500111,,51500113,51500114,,51500116,,,,1,,,1,2,"-5:0.65,-4:0.75,-3:0.85,-2:0.95,2:1,3:1.07,4:1.12,5:1.16,1.2",,,,1
5150021,,6541,6,8888,,,,51500211,,,51500214,51500215,51500216,,,,1,,,1,2,"-5:0.65,-4:0.75,-3:0.85,-2:0.95,2:1,3:1.07,4:1.12,5:1.16,1.2",,,,1
5150031,,,,,,,,,51500312,,,,,,,,1,,,1,2,"-5:0.65,-4:0.75,-3:0.85,-2:0.95,2:1,3:1.07,4:1.12,5:1.16,1.2",,,,1
5150041,1,1462,6,8888,,,,51500411,51500412,,51500414,,51500416,,,,1,,,11,10,"-5:0.65,-4:0.75,-3:0.85,-2:0.95,2:1,3:1.07,4:1.12,5:1.16,1.2",,,,1
5150051,,5641,6,8888,,,,51500511,,,51500514,51500515,51500516,,,,1,,,1,2,"-5:0.65,-4:0.75,-3:0.85,-2:0.95,2:1,3:1.07,4:1.12,5:1.16,1.2",,,,1
5150061,,,,,,,,,51500612,,,,,,,,1,,,1,2,"-5:0.65,-4:0.75,-3:0.85,-2:0.95,2:1,3:1.07,4:1.12,5:1.16,1.2",,,,1
5160011,,1246,6,8888,,,,51600111,51600112,,51600114,,51600116,,,,1,,,1,2,"-5:0.65,-4:0.75,-3:0.85,-2:0.95,2:1,3:1.07,4:1.12,5:1.16,1.2",,,,1
5160021,,4631,6,8888,,,,51600211,,51600213,51600214,,51600216,,,,1,,,1,2,"-5:0.65,-4:0.75,-3:0.85,-2:0.95,2:1,3:1.07,4:1.12,5:1.16,1.2",,,,1
5160031,,,,,,,,,51600312,,,,,,,,1,,,1,2,"-5:0.65,-4:0.75,-3:0.85,-2:0.95,2:1,3:1.07,4:1.12,5:1.16,1.2",,,,1
5160041,,4652,6,8888,,,,,51600412,,51600414,51600415,51600416,,,,1,,,1,2,"-5:0.65,-4:0.75,-3:0.85,-2:0.95,2:1,3:1.07,4:1.12,5:1.16,1.2",,,,1
5160051,,4562,6,8888,,,,,51600512,,51600514,51600515,51600516,,,,1,,,1,2,"-5:0.65,-4:0.75,-3:0.85,-2:0.95,2:1,3:1.07,4:1.12,5:1.16,1.2",,,,1
5160061,,,,,,,,,51600612,,,,,,,,1,,,1,2,"-5:0.65,-4:0.75,-3:0.85,-2:0.95,2:1,3:1.07,4:1.12,5:1.16,1.2",,,,1
5170011,,2456,6,8888,,,,,51700112,,51700114,51700115,51700116,,,,1,,,1,2,"-5:0.65,-4:0.75,-3:0.85,-2:0.95,2:1,3:1.07,4:1.12,5:1.16,1.2",,,,1
5170021,,5631,6,8888,,,,51700211,,51700213,,51700215,51700216,,,,1,,,1,2,"-5:0.65,-4:0.75,-3:0.85,-2:0.95,2:1,3:1.07,4:1.12,5:1.16,1.2",,,,1
5170031,,,,,,,,,51700312,,,,,,,,1,,,1,2,"-5:0.65,-4:0.75,-3:0.85,-2:0.95,2:1,3:1.07,4:1.12,5:1.16,1.2",,,,1
5170041,,6532,6,8888,,,,,51700412,51700413,,51700415,51700416,,,,1,,,1,2,"-5:0.65,-4:0.75,-3:0.85,-2:0.95,2:1,3:1.07,4:1.12,5:1.16,1.2",,,,1
5170051,,2346,6,8888,,,,,51700512,51700513,51700514,,51700516,,,,1,,,1,2,"-5:0.65,-4:0.75,-3:0.85,-2:0.95,2:1,3:1.07,4:1.12,5:1.16,1.2",,,,1
5170061,,,,,,,,,51700612,,,,,,,,1,,,1,2,"-5:0.65,-4:0.75,-3:0.85,-2:0.95,2:1,3:1.07,4:1.12,5:1.16,1.2",,,,1
5180011,,6124,6,8888,,,,51800111,51800112,,51800114,,51800116,,,,1,,,1,2,"-5:0.65,-4:0.75,-3:0.85,-2:0.95,2:1,3:1.07,4:1.12,5:1.16,1.2",,,,1
5180021,1,4652,6,8888,,,,,51800212,,51800214,51800215,51800216,,,,1,,,5,6,"-5:0.65,-4:0.75,-3:0.85,-2:0.95,2:1,3:1.07,4:1.12,5:1.16,1.2",,,,1
5180031,,,,,,,,,51800312,,,,,,,,1,,,1,2,"-5:0.65,-4:0.75,-3:0.85,-2:0.95,2:1,3:1.07,4:1.12,5:1.16,1.2",,,,1
5180041,,4521,6,8888,,,,51800411,51800412,,51800414,51800415,,,,,1,,,1,2,"-5:0.65,-4:0.75,-3:0.85,-2:0.95,2:1,3:1.07,4:1.12,5:1.16,1.2",,,,1
5180051,,5126,6,8888,,,,51800511,51800512,,,51800515,51800516,,,,1,,,1,2,"-5:0.65,-4:0.75,-3:0.85,-2:0.95,2:1,3:1.07,4:1.12,5:1.16,1.2",,,,1
5180061,,,,,,,,,51800612,,,,,,,,1,,,1,2,"-5:0.65,-4:0.75,-3:0.85,-2:0.95,2:1,3:1.07,4:1.12,5:1.16,1.2",,,,1
9101011,,456,4,10000,,,,,91010112,,91010114,91010115,91010116,,,,1,,,1,2,"-5:0.65,-4:0.75,-3:0.85,-2:0.95,2:1,3:1.07,4:1.12,5:1.16,1.2",,,,1
9101021,,4612,4,10000,,,,91010211,91010212,,91010214,,91010216,,,,1,,,1,2,"-5:0.65,-4:0.75,-3:0.85,-2:0.95,2:1,3:1.07,4:1.12,5:1.16,1.2",,,,1
9101031,,4562,4,10000,,,,,91010312,,91010314,91010315,91010316,,,,1,,,1,2,"-5:0.65,-4:0.75,-3:0.85,-2:0.95,2:1,3:1.07,4:1.12,5:1.16,1.2",,,,1
9101041,,4623,4,10000,,,,,91010412,91010413,91010414,,91010416,,,,1,,,1,2,"-5:0.65,-4:0.75,-3:0.85,-2:0.95,2:1,3:1.07,4:1.12,5:1.16,1.2",,,,1
9101051,,,,,,,,,91010512,,,,,,,,1,,,1,2,"-5:0.65,-4:0.75,-3:0.85,-2:0.95,2:1,3:1.07,4:1.12,5:1.16,1.2",,,,1
9101061,,5134,4,10000,,,,91010611,,91010613,91010614,91010615,,,,,1,,,1,2,"-5:0.65,-4:0.75,-3:0.85,-2:0.95,2:1,3:1.07,4:1.12,5:1.16,1.2",,,,1
9101071,,2351,4,10000,,,,91010711,91010712,91010713,,91010715,,,,,1,,,1,2,"-5:0.65,-4:0.75,-3:0.85,-2:0.95,2:1,3:1.07,4:1.12,5:1.16,1.2",,,,1
9101081,,4562,4,10000,,,,,91010812,,91010814,91010815,91010816,,,,1,,,1,2,"-5:0.65,-4:0.75,-3:0.85,-2:0.95,2:1,3:1.07,4:1.12,5:1.16,1.2",,,,1
9101091,,1246,4,10000,,,,91010911,91010912,,91010914,,91010916,,,,1,,,1,2,"-5:0.65,-4:0.75,-3:0.85,-2:0.95,2:1,3:1.07,4:1.12,5:1.16,1.2",,,,1
9101101,,,,,,,,,91011012,,,,,,,,1,,,1,2,"-5:0.65,-4:0.75,-3:0.85,-2:0.95,2:1,3:1.07,4:1.12,5:1.16,1.2",,,,1
9101111,,6324,3,8000,,,,,91011112,91011113,91011114,,91011116,,,,1,,,1,2,"-5:0.65,-4:0.75,-3:0.85,-2:0.95,2:1,3:1.07,4:1.12,5:1.16,1.2",,,,1
9101121,,4621,3,8000,,,,91011211,91011212,,91011214,,91011216,,,,1,,,1,2,"-5:0.65,-4:0.75,-3:0.85,-2:0.95,2:1,3:1.07,4:1.12,5:1.16,1.2",,,,1
9101131,,6543,3,8000,,,,,,91011313,91011314,91011315,91011316,,,,1,,,1,2,"-5:0.65,-4:0.75,-3:0.85,-2:0.95,2:1,3:1.07,4:1.12,5:1.16,1.2",,,,1
9101141,,5624,3,8000,,,,,91011412,,91011414,91011415,91011416,,,,1,,,1,2,"-5:0.65,-4:0.75,-3:0.85,-2:0.95,2:1,3:1.07,4:1.12,5:1.16,1.2",,,,1
9101151,,,,,,,,,91011512,,,,,,,,1,,,1,2,"-5:0.65,-4:0.75,-3:0.85,-2:0.95,2:1,3:1.07,4:1.12,5:1.16,1.2",,,,1
9101161,,2561,3,8000,,,,91011611,91011612,,,91011615,91011616,,,,1,,,1,2,"-5:0.65,-4:0.75,-3:0.85,-2:0.95,2:1,3:1.07,4:1.12,5:1.16,1.2",,,,1
9101171,,6124,3,8000,,,,91011711,91011712,,91011714,,91011716,,,,1,,,1,2,"-5:0.65,-4:0.75,-3:0.85,-2:0.95,2:1,3:1.07,4:1.12,5:1.16,1.2",,,,1
9101181,,2615,3,8000,,,,91011811,91011812,,,91011815,91011816,,,,1,,,1,2,"-5:0.65,-4:0.75,-3:0.85,-2:0.95,2:1,3:1.07,4:1.12,5:1.16,1.2",,,,1
9101191,,2364,3,8000,,,,,91011912,91011913,91011914,,91011916,,,,1,,,1,2,"-5:0.65,-4:0.75,-3:0.85,-2:0.95,2:1,3:1.07,4:1.12,5:1.16,1.2",,,,1
9101201,,,,,,,,,91012012,,,,,,,,1,,,1,2,"-5:0.65,-4:0.75,-3:0.85,-2:0.95,2:1,3:1.07,4:1.12,5:1.16,1.2",,,,1
9101211,,1642,2,3500,,,,91012111,91012112,,91012114,,91012116,,,,1,,,1,2,"-5:0.65,-4:0.75,-3:0.85,-2:0.95,2:1,3:1.07,4:1.12,5:1.16,1.2",,,,1
9101221,,2456,2,3500,,,,,91012212,,91012214,91012215,91012216,,,,1,,,1,2,"-5:0.65,-4:0.75,-3:0.85,-2:0.95,2:1,3:1.07,4:1.12,5:1.16,1.2",,,,1
9101231,,5462,2,3500,,,,,91012312,,91012314,91012315,91012316,,,,1,,,1,2,"-5:0.65,-4:0.75,-3:0.85,-2:0.95,2:1,3:1.07,4:1.12,5:1.16,1.2",,,,1
9101241,,1436,2,3500,,,,91012411,,91012413,91012414,,91012416,,,,1,,,1,2,"-5:0.65,-4:0.75,-3:0.85,-2:0.95,2:1,3:1.07,4:1.12,5:1.16,1.2",,,,1
9101251,,,,,,,,,91012512,,,,,,,,1,,,1,2,"-5:0.65,-4:0.75,-3:0.85,-2:0.95,2:1,3:1.07,4:1.12,5:1.16,1.2",,,,1
9101261,,6142,2,3500,,,,91012611,91012612,,91012614,,91012616,,,,1,,,1,2,"-5:0.65,-4:0.75,-3:0.85,-2:0.95,2:1,3:1.07,4:1.12,5:1.16,1.2",,,,1
9101271,,2315,2,3500,,,,91012711,91012712,91012713,,91012715,,,,,1,,,1,2,"-5:0.65,-4:0.75,-3:0.85,-2:0.95,2:1,3:1.07,4:1.12,5:1.16,1.2",,,,1
9101281,,4256,2,3500,,,,,91012812,,91012814,91012815,91012816,,,,1,,,1,2,"-5:0.65,-4:0.75,-3:0.85,-2:0.95,2:1,3:1.07,4:1.12,5:1.16,1.2",,,,1
9101291,,2164,2,3500,,,,91012911,91012912,,91012914,,91012916,,,,1,,,1,2,"-5:0.65,-4:0.75,-3:0.85,-2:0.95,2:1,3:1.07,4:1.12,5:1.16,1.2",,,,1
9101301,,,,,,,,,91013012,,,,,,,,1,,,1,2,"-5:0.65,-4:0.75,-3:0.85,-2:0.95,2:1,3:1.07,4:1.12,5:1.16,1.2",,,,1
9101311,,6124,2,3500,,,,91013111,91013112,,91013114,,91013116,,,,1,,,1,2,"-5:0.65,-4:0.75,-3:0.85,-2:0.95,2:1,3:1.07,4:1.12,5:1.16,1.2",,,,1
9101321,,2456,2,3500,,,,,91013212,,91013214,91013215,91013216,,,,1,,,1,2,"-5:0.65,-4:0.75,-3:0.85,-2:0.95,2:1,3:1.07,4:1.12,5:1.16,1.2",,,,1
9101331,,2546,2,3500,,,,,91013312,,91013314,91013315,91013316,,,,1,,,1,2,"-5:0.65,-4:0.75,-3:0.85,-2:0.95,2:1,3:1.07,4:1.12,5:1.16,1.2",,,,1
9101341,,4613,2,3500,,,,91013411,,91013413,91013414,,91013416,,,,1,,,1,2,"-5:0.65,-4:0.75,-3:0.85,-2:0.95,2:1,3:1.07,4:1.12,5:1.16,1.2",,,,1
9101351,,,,,,,,,91013512,,,,,,,,1,,,1,2,"-5:0.65,-4:0.75,-3:0.85,-2:0.95,2:1,3:1.07,4:1.12,5:1.16,1.2",,,,1
9101361,,2345,2,3500,,,,,91013612,91013613,91013614,91013615,,,,,1,,,1,2,"-5:0.65,-4:0.75,-3:0.85,-2:0.95,2:1,3:1.07,4:1.12,5:1.16,1.2",,,,1
9101371,,2415,2,3500,,,,91013711,91013712,,91013714,91013715,,,,,1,,,1,2,"-5:0.65,-4:0.75,-3:0.85,-2:0.95,2:1,3:1.07,4:1.12,5:1.16,1.2",,,,1
9101381,,4352,2,3500,,,,,91013812,91013813,91013814,91013815,,,,,1,,,1,2,"-5:0.65,-4:0.75,-3:0.85,-2:0.95,2:1,3:1.07,4:1.12,5:1.16,1.2",,,,1
9101391,,6542,2,3500,,,,,91013912,,91013914,91013915,91013916,,,,1,,,1,2,"-5:0.65,-4:0.75,-3:0.85,-2:0.95,2:1,3:1.07,4:1.12,5:1.16,1.2",,,,1
9101401,,,,,,,,,91014012,,,,,,,,1,,,1,2,"-5:0.65,-4:0.75,-3:0.85,-2:0.95,2:1,3:1.07,4:1.12,5:1.16,1.2",,,,1
9101411,,6452,2,3500,,,,,91014112,,91014114,91014115,91014116,,,,1,,,1,2,"-5:0.65,-4:0.75,-3:0.85,-2:0.95,2:1,3:1.07,4:1.12,5:1.16,1.2",,,,1
9101421,,2154,2,3500,,,,91014211,91014212,,91014214,91014215,,,,,1,,,1,2,"-5:0.65,-4:0.75,-3:0.85,-2:0.95,2:1,3:1.07,4:1.12,5:1.16,1.2",,,,1
9101431,,5123,2,3500,,,,91014311,91014312,91014313,,91014315,,,,,1,,,1,2,"-5:0.65,-4:0.75,-3:0.85,-2:0.95,2:1,3:1.07,4:1.12,5:1.16,1.2",,,,1
9101441,,2614,2,3500,,,,91014411,91014412,,91014414,,91014416,,,,1,,,1,2,"-5:0.65,-4:0.75,-3:0.85,-2:0.95,2:1,3:1.07,4:1.12,5:1.16,1.2",,,,1
9101451,,,,,,,,,91014512,,,,,,,,1,,,1,2,"-5:0.65,-4:0.75,-3:0.85,-2:0.95,2:1,3:1.07,4:1.12,5:1.16,1.2",,,,1
9101461,,5624,2,3500,,,,,91014612,,91014614,91014615,91014616,,,,1,,,1,2,"-5:0.65,-4:0.75,-3:0.85,-2:0.95,2:1,3:1.07,4:1.12,5:1.16,1.2",,,,1
9101471,,5642,2,3500,,,,91014711,91014712,,91014714,,91014716,,,,1,,,1,2,"-5:0.65,-4:0.75,-3:0.85,-2:0.95,2:1,3:1.07,4:1.12,5:1.16,1.2",,,,1
9101481,,6152,2,3500,,,,91014811,91014812,,,91014815,91014816,,,,1,,,1,2,"-5:0.65,-4:0.75,-3:0.85,-2:0.95,2:1,3:1.07,4:1.12,5:1.16,1.2",,,,1
9101491,,5243,2,3500,,,,,91014912,91014913,91014914,91014915,,,,,1,,,1,2,"-5:0.65,-4:0.75,-3:0.85,-2:0.95,2:1,3:1.07,4:1.12,5:1.16,1.2",,,,1
9101501,,,,,,,,,,,,,91015012,,,,1,,,1,12,"-5:0.65,-4:0.75,-3:0.85,-2:0.95,2:1,3:1.07,4:1.12,5:1.16,1.2",,,,1
9201011,,4652,2,3500,,,,,92010112,,92010114,92010115,92010116,,,,1,,,1,2,"-5:0.65,-4:0.75,-3:0.85,-2:0.95,2:1,3:1.07,4:1.12,5:1.16,1.2",,,,1
9201021,,4532,2,3500,,,,,92010212,92010213,92010214,92010215,,,,,1,,,1,2,"-5:0.65,-4:0.75,-3:0.85,-2:0.95,2:1,3:1.07,4:1.12,5:1.16,1.2",,,,1
9201031,,1346,2,3500,,,,92010311,92010312,,92010314,,92010316,,,,1,,,1,2,"-5:0.65,-4:0.75,-3:0.85,-2:0.95,2:1,3:1.07,4:1.12,5:1.16,1.2",,,,1
9201041,,4531,2,3500,,,,92010411,,92010413,92010414,92010415,,,,,1,,,1,2,"-5:0.65,-4:0.75,-3:0.85,-2:0.95,2:1,3:1.07,4:1.12,5:1.16,1.2",,,,1
9201051,,,,,,,,,92010512,,,,,,,,1,,,1,2,"-5:0.65,-4:0.75,-3:0.85,-2:0.95,2:1,3:1.07,4:1.12,5:1.16,1.2",,,,1
9201061,,3421,2,3500,,,,92010611,92010612,92010613,92010614,,,,,,1,,,1,2,"-5:0.65,-4:0.75,-3:0.85,-2:0.95,2:1,3:1.07,4:1.12,5:1.16,1.2",,,,1
9201071,,5642,2,3500,,,,,92010712,,92010714,92010715,92010716,,,,1,,,1,2,"-5:0.65,-4:0.75,-3:0.85,-2:0.95,2:1,3:1.07,4:1.12,5:1.16,1.2",,,,1
9201081,,4215,2,3500,,,,92010811,92010812,,92010814,92010815,,,,,1,,,1,2,"-5:0.65,-4:0.75,-3:0.85,-2:0.95,2:1,3:1.07,4:1.12,5:1.16,1.2",,,,1
9201091,,4652,2,3500,,,,,92010912,,92010914,92010915,92010916,,,,1,,,1,2,"-5:0.65,-4:0.75,-3:0.85,-2:0.95,2:1,3:1.07,4:1.12,5:1.16,1.2",,,,1
9201101,,,,,,,,,92011012,,,,,,,,1,,,1,2,"-5:0.65,-4:0.75,-3:0.85,-2:0.95,2:1,3:1.07,4:1.12,5:1.16,1.2",,,,1
9301011,,6431,2,3500,,,,93010111,,93010113,93010114,,93010116,,,,1,,,1,2,"-5:0.65,-4:0.75,-3:0.85,-2:0.95,2:1,3:1.07,4:1.12,5:1.16,1.2",,,,1
9301021,,4526,2,3500,,,,,93010212,,93010214,93010215,93010216,,,,1,,,1,2,"-5:0.65,-4:0.75,-3:0.85,-2:0.95,2:1,3:1.07,4:1.12,5:1.16,1.2",,,,1
9301031,,1245,2,3500,,,,93010311,93010312,,93010314,93010315,,,,,1,,,1,2,"-5:0.65,-4:0.75,-3:0.85,-2:0.95,2:1,3:1.07,4:1.12,5:1.16,1.2",,,,1
9301041,,2641,2,3500,,,,93010411,93010412,,93010414,,93010416,,,,1,,,1,2,"-5:0.65,-4:0.75,-3:0.85,-2:0.95,2:1,3:1.07,4:1.12,5:1.16,1.2",,,,1
9301051,,,,,,,,,93010512,,,,,,,,1,,,1,2,"-5:0.65,-4:0.75,-3:0.85,-2:0.95,2:1,3:1.07,4:1.12,5:1.16,1.2",,,,1
9301061,,2461,2,3500,,,,93010611,93010612,,93010614,,93010616,,,,1,,,1,2,"-5:0.65,-4:0.75,-3:0.85,-2:0.95,2:1,3:1.07,4:1.12,5:1.16,1.2",,,,1
9301071,,1456,2,3500,,,,93010711,,,93010714,93010715,93010716,,,,1,,,1,2,"-5:0.65,-4:0.75,-3:0.85,-2:0.95,2:1,3:1.07,4:1.12,5:1.16,1.2",,,,1
9301081,,2543,2,3500,,,,,93010812,93010813,93010814,93010815,,,,,1,,,1,2,"-5:0.65,-4:0.75,-3:0.85,-2:0.95,2:1,3:1.07,4:1.12,5:1.16,1.2",,,,1
9301091,,4325,2,3500,,,,,93010912,93010913,93010914,93010915,,,,,1,,,1,2,"-5:0.65,-4:0.75,-3:0.85,-2:0.95,2:1,3:1.07,4:1.12,5:1.16,1.2",,,,1
9301101,,,,,,,,,93011012,,,,,,,,1,,,1,2,"-5:0.65,-4:0.75,-3:0.85,-2:0.95,2:1,3:1.07,4:1.12,5:1.16,1.2",,,,1
9401011,,4652,2,3500,,,,,94010112,,94010114,94010115,94010116,,,,1,,,1,2,"-5:0.65,-4:0.75,-3:0.85,-2:0.95,2:1,3:1.07,4:1.12,5:1.16,1.2",,,,1
9401021,,4521,2,3500,,,,94010211,94010212,,94010214,94010215,,,,,1,,,1,2,"-5:0.65,-4:0.75,-3:0.85,-2:0.95,2:1,3:1.07,4:1.12,5:1.16,1.2",,,,1
9401031,,1463,2,3500,,,,94010311,,94010313,94010314,,94010316,,,,1,,,1,2,"-5:0.65,-4:0.75,-3:0.85,-2:0.95,2:1,3:1.07,4:1.12,5:1.16,1.2",,,,1
9401041,,4521,2,3500,,,,94010411,94010412,,94010414,94010415,,,,,1,,,1,2,"-5:0.65,-4:0.75,-3:0.85,-2:0.95,2:1,3:1.07,4:1.12,5:1.16,1.2",,,,1
9401051,,,,,,,,,94010512,,,,,,,,1,,,1,2,"-5:0.65,-4:0.75,-3:0.85,-2:0.95,2:1,3:1.07,4:1.12,5:1.16,1.2",,,,1
9401061,,3456,2,3500,,,,,,94010613,94010614,94010615,94010616,,,,1,,,1,2,"-5:0.65,-4:0.75,-3:0.85,-2:0.95,2:1,3:1.07,4:1.12,5:1.16,1.2",,,,1
9401071,,1342,2,3500,,,,94010711,94010712,94010713,94010714,,,,,,1,,,1,2,"-5:0.65,-4:0.75,-3:0.85,-2:0.95,2:1,3:1.07,4:1.12,5:1.16,1.2",,,,1
9401081,,2135,2,3500,,,,94010811,94010812,94010813,,94010815,,,,,1,,,1,2,"-5:0.65,-4:0.75,-3:0.85,-2:0.95,2:1,3:1.07,4:1.12,5:1.16,1.2",,,,1
9401091,,2341,2,3500,,,,94010911,94010912,94010913,94010914,,,,,,1,,,1,2,"-5:0.65,-4:0.75,-3:0.85,-2:0.95,2:1,3:1.07,4:1.12,5:1.16,1.2",,,,1
9401101,,,,,,,,,94011012,,,,,,,,1,,,1,2,"-5:0.65,-4:0.75,-3:0.85,-2:0.95,2:1,3:1.07,4:1.12,5:1.16,1.2",,,,1
9501011,,5612,2,3500,,,,95010111,95010112,,,95010115,95010116,,,,1,,,1,2,"-5:0.65,-4:0.75,-3:0.85,-2:0.95,2:1,3:1.07,4:1.12,5:1.16,1.2",,,,1
9501021,,4563,2,3500,,,,,,95010213,95010214,95010215,95010216,,,,1,,,1,2,"-5:0.65,-4:0.75,-3:0.85,-2:0.95,2:1,3:1.07,4:1.12,5:1.16,1.2",,,,1
9501031,,4562,2,3500,,,,,95010312,,95010314,95010315,95010316,,,,1,,,1,2,"-5:0.65,-4:0.75,-3:0.85,-2:0.95,2:1,3:1.07,4:1.12,5:1.16,1.2",,,,1
9501041,,4512,2,3500,,,,95010411,95010412,,95010414,95010415,,,,,1,,,1,2,"-5:0.65,-4:0.75,-3:0.85,-2:0.95,2:1,3:1.07,4:1.12,5:1.16,1.2",,,,1
9501051,,,,,,,,,95010512,,,,,,,,1,,,1,2,"-5:0.65,-4:0.75,-3:0.85,-2:0.95,2:1,3:1.07,4:1.12,5:1.16,1.2",,,,1
9501061,,4512,2,3500,,,,95010611,95010612,,95010614,95010615,,,,,1,,,1,2,"-5:0.65,-4:0.75,-3:0.85,-2:0.95,2:1,3:1.07,4:1.12,5:1.16,1.2",,,,1
9501071,,4523,3,3500,,,,,95010712,95010713,95010714,95010715,,,,,1,,,1,2,"-5:0.65,-4:0.75,-3:0.85,-2:0.95,2:1,3:1.07,4:1.12,5:1.16,1.2",,,,1
9501081,,2156,2,3500,,,,95010811,95010812,,,95010815,95010816,,,,1,,,1,2,"-5:0.65,-4:0.75,-3:0.85,-2:0.95,2:1,3:1.07,4:1.12,5:1.16,1.2",,,,1
9501091,,3452,2,3500,,,,,95010912,95010913,95010914,95010915,,,,,1,,,1,2,"-5:0.65,-4:0.75,-3:0.85,-2:0.95,2:1,3:1.07,4:1.12,5:1.16,1.2",,,,1
9501101,,,,,,,,,95011012,,,,,,,,1,,,1,2,"-5:0.65,-4:0.75,-3:0.85,-2:0.95,2:1,3:1.07,4:1.12,5:1.16,1.2",,,,1
