id,charId,stage,levelLimit,frame,hpMax,phyAtk,magAtk,phyDfs,magDfs,critAtkRatio,critDfsRatio,critAtkValue,critDfsValue,hitRateValue,evadeValue,normalAtkUp,normalDfsUp,skillAtkUp,skillDfsUp,ultraAtkUp,ultraDfsUp,skillPhyAtkUp,skillPhyDfsUp,skillMagAtkUp,skillMagDfsUp,cost
int,int,int,int,int,int,int,int,int,int,int,int,int,int,int,int,int,int,int,int,int,int,int,int,int,int,Strings
299701,2997,0,0,0,307,6,46,13,17,66,0,0,0,0,0,0,0,,,,,0,0,0,0,
299702,2997,1,0,0,307,6,46,13,17,66,0,0,0,0,0,0,0,,,,,0,0,0,0,
299801,2998,0,0,0,307,6,46,13,17,66,0,0,0,0,0,0,0,,,,,0,0,0,0,
299802,2998,1,0,0,307,6,46,13,17,66,0,0,0,0,0,0,0,,,,,0,0,0,0,
100100,1001,0,0,0,0,0,0,0,0,0,0,0,0,0,0,0,0,,,,,0,0,0,0,
100101,1001,1,0,0,307,6,46,13,18,66,0,0,0,0,0,0,0,,,,,0,0,0,0,"122101:5,11:4000"
100102,1001,2,0,0,632,12,95,27,36,137,0,0,0,0,0,0,0,,,,,0,0,0,0,"122102:6,122101:8,11:5000"
100103,1001,3,0,0,1129,21,169,48,65,210,0,0,0,0,0,0,0,,,,,0,0,0,0,"122103:6,122102:8,122101:10,11:6000"
100104,1001,4,0,0,1794,34,269,76,103,287,0,0,0,0,0,0,0,,,,,0,0,0,0,"122104:8,122103:10,122102:12,11:8000"
100105,1001,5,0,0,2625,49,394,111,150,368,0,0,0,0,0,0,0,,,,,0,0,0,0,"122105:8,122104:12,122103:15,11:15000"
100106,1001,6,0,0,3624,68,544,153,207,451,0,0,0,0,0,0,0,,,,,0,0,0,0,"122106:10,122105:15,122104:18,11:24000"
100107,1001,7,0,0,4790,90,719,202,274,538,0,0,0,0,0,0,0,,,,,0,0,0,0,"122107:12,122106:16,122105:20,11:30000"
100108,1001,8,0,0,6124,115,919,258,350,628,0,0,0,0,0,0,0,,,,,0,0,0,0,"122108:16,122107:20,122106:24,11:40000"
100109,1001,9,0,0,7625,143,1144,322,436,722,0,0,0,0,0,0,0,,,,,0,0,0,0,"122109:20,122108:24,122107:28,11:50000"
100110,1001,10,0,0,9293,174,1394,392,531,828,0,0,0,0,0,0,0,,,,,0,0,0,0,"122110:24,122109:28,122108:32,11:64000"
100200,1002,0,0,0,0,0,0,0,0,0,0,0,0,0,0,0,0,,,,,0,0,0,0,
100201,1002,1,0,0,324,44,6,14,16,67,0,0,0,0,0,0,0,,,,,0,0,0,0,"122101:5,11:4000"
100202,1002,2,0,0,667,91,13,29,33,139,0,0,0,0,0,0,0,,,,,0,0,0,0,"122102:6,122101:8,11:5000"
100203,1002,3,0,0,1193,163,23,52,59,213,0,0,0,0,0,0,0,,,,,0,0,0,0,"122103:6,122102:8,122101:10,11:6000"
100204,1002,4,0,0,1894,258,36,83,94,291,0,0,0,0,0,0,0,,,,,0,0,0,0,"122104:8,122103:10,122102:12,11:8000"
100205,1002,5,0,0,2773,378,53,122,138,373,0,0,0,0,0,0,0,,,,,0,0,0,0,"122105:8,122104:12,122103:15,11:15000"
100206,1002,6,0,0,3828,522,73,168,191,458,0,0,0,0,0,0,0,,,,,0,0,0,0,"122106:10,122105:15,122104:18,11:24000"
100207,1002,7,0,0,5060,690,96,222,252,546,0,0,0,0,0,0,0,,,,,0,0,0,0,"122107:12,122106:16,122105:20,11:30000"
100208,1002,8,0,0,6468,882,123,284,322,638,0,0,0,0,0,0,0,,,,,0,0,0,0,"122108:16,122107:20,122106:24,11:40000"
100209,1002,9,0,0,8054,1098,153,354,401,732,0,0,0,0,0,0,0,,,,,0,0,0,0,"122109:20,122108:24,122107:28,11:50000"
100210,1002,10,0,0,9816,1338,187,431,489,840,0,0,0,0,0,0,0,,,,,0,0,0,0,"122110:24,122109:28,122108:32,11:64000"
100300,1003,0,0,0,0,0,0,0,0,0,0,0,0,0,0,0,0,,,,,0,0,0,0,
100301,1003,1,0,0,478,32,6,27,26,38,0,0,0,0,0,0,0,,,,,0,0,0,0,"122301:5,11:4000"
100302,1003,2,0,0,986,67,12,55,54,79,0,0,0,0,0,0,0,,,,,0,0,0,0,"122302:6,122301:8,11:5000"
100303,1003,3,0,0,1761,119,21,99,96,122,0,0,0,0,0,0,0,,,,,0,0,0,0,"122303:6,122302:8,122301:10,11:6000"
100304,1003,4,0,0,2798,189,34,157,153,167,0,0,0,0,0,0,0,,,,,0,0,0,0,"122304:8,122303:10,122302:12,11:8000"
100305,1003,5,0,0,4095,277,49,229,224,213,0,0,0,0,0,0,0,,,,,0,0,0,0,"122305:8,122304:12,122303:15,11:15000"
100306,1003,6,0,0,5654,383,68,316,310,262,0,0,0,0,0,0,0,,,,,0,0,0,0,"122306:10,122305:15,122304:18,11:24000"
100307,1003,7,0,0,7473,506,90,418,409,312,0,0,0,0,0,0,0,,,,,0,0,0,0,"122307:12,122306:16,122305:20,11:30000"
100308,1003,8,0,0,9553,647,115,535,523,364,0,0,0,0,0,0,0,,,,,0,0,0,0,"122308:16,122307:20,122306:24,11:40000"
100309,1003,9,0,0,11895,806,143,665,651,419,0,0,0,0,0,0,0,,,,,0,0,0,0,"122309:20,122308:24,122307:28,11:50000"
100310,1003,10,0,0,14497,982,174,811,794,480,0,0,0,0,0,0,0,,,,,0,0,0,0,"122310:24,122309:28,122308:32,11:64000"
100400,1004,0,0,0,0,0,0,0,0,0,0,0,0,0,0,0,0,,,,,0,0,0,0,
100401,1004,1,0,0,469,35,5,29,25,38,0,0,0,0,0,0,0,,,,,0,0,0,0,"122201:5,11:4000"
100402,1004,2,0,0,967,72,11,59,52,79,0,0,0,0,0,0,0,,,,,0,0,0,0,"122202:6,122201:8,11:5000"
100403,1004,3,0,0,1727,128,19,106,94,122,0,0,0,0,0,0,0,,,,,0,0,0,0,"122203:6,122202:8,122201:10,11:6000"
100404,1004,4,0,0,2744,203,30,168,149,167,0,0,0,0,0,0,0,,,,,0,0,0,0,"122204:8,122203:10,122202:12,11:8000"
100405,1004,5,0,0,4017,297,44,245,217,213,0,0,0,0,0,0,0,,,,,0,0,0,0,"122205:8,122204:12,122203:15,11:15000"
100406,1004,6,0,0,5545,410,61,339,300,262,0,0,0,0,0,0,0,,,,,0,0,0,0,"122206:10,122205:15,122204:18,11:24000"
100407,1004,7,0,0,7329,542,81,448,397,312,0,0,0,0,0,0,0,,,,,0,0,0,0,"122207:12,122206:16,122205:20,11:30000"
100408,1004,8,0,0,9370,693,103,573,507,364,0,0,0,0,0,0,0,,,,,0,0,0,0,"122208:16,122207:20,122206:24,11:40000"
100409,1004,9,0,0,11666,863,129,713,632,419,0,0,0,0,0,0,0,,,,,0,0,0,0,"122209:20,122208:24,122207:28,11:50000"
100410,1004,10,0,0,14218,1052,157,869,770,480,0,0,0,0,0,0,0,,,,,0,0,0,0,"122210:24,122209:28,122208:32,11:64000"
100500,1005,0,0,0,0,0,0,0,0,0,0,0,0,0,0,0,0,,,,,0,0,0,0,
100501,1005,1,0,0,474,32,6,29,26,33,0,0,0,0,0,0,0,,,,,0,0,0,0,"122101:5,11:4000"
100502,1005,2,0,0,976,67,12,59,53,68,0,0,0,0,0,0,0,,,,,0,0,0,0,"122102:6,122101:8,11:5000"
100503,1005,3,0,0,1744,119,21,106,95,105,0,0,0,0,0,0,0,,,,,0,0,0,0,"122103:6,122102:8,122101:10,11:6000"
100504,1005,4,0,0,2771,189,34,168,150,143,0,0,0,0,0,0,0,,,,,0,0,0,0,"122104:8,122103:10,122102:12,11:8000"
100505,1005,5,0,0,4056,277,49,245,220,183,0,0,0,0,0,0,0,,,,,0,0,0,0,"122105:8,122104:12,122103:15,11:15000"
100506,1005,6,0,0,5599,383,68,339,303,225,0,0,0,0,0,0,0,,,,,0,0,0,0,"122106:10,122105:15,122104:18,11:24000"
100507,1005,7,0,0,7401,506,90,448,401,268,0,0,0,0,0,0,0,,,,,0,0,0,0,"122107:12,122106:16,122105:20,11:30000"
100508,1005,8,0,0,9462,647,115,573,513,313,0,0,0,0,0,0,0,,,,,0,0,0,0,"122108:16,122107:20,122106:24,11:40000"
100509,1005,9,0,0,11780,806,143,713,638,360,0,0,0,0,0,0,0,,,,,0,0,0,0,"122109:20,122108:24,122107:28,11:50000"
100510,1005,10,0,0,14357,982,174,869,778,413,0,0,0,0,0,0,0,,,,,0,0,0,0,"122110:24,122109:28,122108:32,11:64000"
100600,1006,0,0,0,0,0,0,0,0,0,0,0,0,0,0,0,0,,,,,0,0,0,0,
100601,1006,1,0,0,452,40,5,22,18,39,0,0,0,0,0,0,0,,,,,0,0,0,0,"122401:5,11:4000"
100602,1006,2,0,0,931,83,10,46,37,81,0,0,0,0,0,0,0,,,,,0,0,0,0,"122402:6,122401:8,11:5000"
100603,1006,3,0,0,1664,148,17,83,67,125,0,0,0,0,0,0,0,,,,,0,0,0,0,"122403:6,122402:8,122401:10,11:6000"
100604,1006,4,0,0,2644,235,27,131,106,171,0,0,0,0,0,0,0,,,,,0,0,0,0,"122404:8,122403:10,122402:12,11:8000"
100605,1006,5,0,0,3870,345,40,192,155,218,0,0,0,0,0,0,0,,,,,0,0,0,0,"122405:8,122404:12,122403:15,11:15000"
100606,1006,6,0,0,5342,476,55,265,214,268,0,0,0,0,0,0,0,,,,,0,0,0,0,"122406:10,122405:15,122404:18,11:24000"
100607,1006,7,0,0,7061,629,72,350,283,320,0,0,0,0,0,0,0,,,,,0,0,0,0,"122407:12,122406:16,122405:20,11:30000"
100608,1006,8,0,0,9027,804,93,448,362,373,0,0,0,0,0,0,0,,,,,0,0,0,0,"122408:16,122407:20,122406:24,11:40000"
100609,1006,9,0,0,11239,1001,115,558,450,429,0,0,0,0,0,0,0,,,,,0,0,0,0,"122409:20,122408:24,122407:28,11:50000"
100610,1006,10,0,0,13698,1220,141,680,549,492,0,0,0,0,0,0,0,,,,,0,0,0,0,"122410:24,122409:28,122408:32,11:64000"
100700,1007,0,0,0,0,0,0,0,0,0,0,0,0,0,0,0,0,,,,,0,0,0,0,
100701,1007,1,0,0,358,43,7,17,17,64,0,0,0,0,0,0,0,,,,,0,0,0,0,"122301:5,11:4000"
100702,1007,2,0,0,738,89,15,36,35,132,0,0,0,0,0,0,0,,,,,0,0,0,0,"122302:6,122301:8,11:5000"
100703,1007,3,0,0,1319,159,26,64,62,203,0,0,0,0,0,0,0,,,,,0,0,0,0,"122303:6,122302:8,122301:10,11:6000"
100704,1007,4,0,0,2095,253,42,102,99,277,0,0,0,0,0,0,0,,,,,0,0,0,0,"122304:8,122303:10,122302:12,11:8000"
100705,1007,5,0,0,3066,370,62,149,144,354,0,0,0,0,0,0,0,,,,,0,0,0,0,"122305:8,122304:12,122303:15,11:15000"
100706,1007,6,0,0,4233,511,85,206,199,435,0,0,0,0,0,0,0,,,,,0,0,0,0,"122306:10,122305:15,122304:18,11:24000"
100707,1007,7,0,0,5595,676,112,272,263,519,0,0,0,0,0,0,0,,,,,0,0,0,0,"122307:12,122306:16,122305:20,11:30000"
100708,1007,8,0,0,7153,864,144,347,337,606,0,0,0,0,0,0,0,,,,,0,0,0,0,"122308:16,122307:20,122306:24,11:40000"
100709,1007,9,0,0,8905,1075,179,432,419,696,0,0,0,0,0,0,0,,,,,0,0,0,0,"122309:20,122308:24,122307:28,11:50000"
100710,1007,10,0,0,10854,1310,218,527,511,798,0,0,0,0,0,0,0,,,,,0,0,0,0,"122310:24,122309:28,122308:32,11:64000"
100800,1008,0,0,0,0,0,0,0,0,0,0,0,0,0,0,0,0,,,,,0,0,0,0,
100801,1008,1,0,0,362,6,33,18,20,38,0,0,0,0,0,0,0,,,,,0,0,0,0,"122301:5,11:4000"
100802,1008,2,0,0,746,12,68,37,41,79,0,0,0,0,0,0,0,,,,,0,0,0,0,"122302:6,122301:8,11:5000"
100803,1008,3,0,0,1334,22,121,65,73,122,0,0,0,0,0,0,0,,,,,0,0,0,0,"122303:6,122302:8,122301:10,11:6000"
100804,1008,4,0,0,2119,34,192,104,115,167,0,0,0,0,0,0,0,,,,,0,0,0,0,"122304:8,122303:10,122302:12,11:8000"
100805,1008,5,0,0,3101,50,281,152,169,213,0,0,0,0,0,0,0,,,,,0,0,0,0,"122305:8,122304:12,122303:15,11:15000"
100806,1008,6,0,0,4281,69,388,210,233,262,0,0,0,0,0,0,0,,,,,0,0,0,0,"122306:10,122305:15,122304:18,11:24000"
100807,1008,7,0,0,5659,91,513,278,308,312,0,0,0,0,0,0,0,,,,,0,0,0,0,"122307:12,122306:16,122305:20,11:30000"
100808,1008,8,0,0,7234,117,656,355,394,364,0,0,0,0,0,0,0,,,,,0,0,0,0,"122308:16,122307:20,122306:24,11:40000"
100809,1008,9,0,0,9007,145,817,442,490,419,0,0,0,0,0,0,0,,,,,0,0,0,0,"122309:20,122308:24,122307:28,11:50000"
100810,1008,10,0,0,10977,177,996,538,598,480,0,0,0,0,0,0,0,,,,,0,0,0,0,"122310:24,122309:28,122308:32,11:64000"
100900,1009,0,0,0,0,0,0,0,0,0,0,0,0,0,0,0,0,,,,,0,0,0,0,
100901,1009,1,0,0,368,5,46,16,16,66,0,0,0,0,0,0,0,,,,,0,0,0,0,"122201:5,11:4000"
100902,1009,2,0,0,758,9,95,32,33,137,0,0,0,0,0,0,0,,,,,0,0,0,0,"122202:6,122201:8,11:5000"
100903,1009,3,0,0,1355,17,169,57,58,210,0,0,0,0,0,0,0,,,,,0,0,0,0,"122203:6,122202:8,122201:10,11:6000"
100904,1009,4,0,0,2152,27,269,91,92,287,0,0,0,0,0,0,0,,,,,0,0,0,0,"122204:8,122203:10,122202:12,11:8000"
100905,1009,5,0,0,3150,39,394,133,135,368,0,0,0,0,0,0,0,,,,,0,0,0,0,"122205:8,122204:12,122203:15,11:15000"
100906,1009,6,0,0,4349,54,544,183,187,451,0,0,0,0,0,0,0,,,,,0,0,0,0,"122206:10,122205:15,122204:18,11:24000"
100907,1009,7,0,0,5749,72,719,243,247,538,0,0,0,0,0,0,0,,,,,0,0,0,0,"122207:12,122206:16,122205:20,11:30000"
100908,1009,8,0,0,7349,92,919,310,315,628,0,0,0,0,0,0,0,,,,,0,0,0,0,"122208:16,122207:20,122206:24,11:40000"
100909,1009,9,0,0,9150,114,1144,386,392,722,0,0,0,0,0,0,0,,,,,0,0,0,0,"122209:20,122208:24,122207:28,11:50000"
100910,1009,10,0,0,11151,139,1394,470,478,828,0,0,0,0,0,0,0,,,,,0,0,0,0,"122210:24,122209:28,122208:32,11:64000"
101200,1012,0,0,0,0,0,0,0,0,0,0,0,0,0,0,0,0,,,,,0,0,0,0,
101201,1012,1,0,0,435,39,5,21,21,43,0,0,0,0,0,0,0,,,,,0,0,0,0,"122101:5,11:4000"
101202,1012,2,0,0,896,80,11,44,44,89,0,0,0,0,0,0,0,,,,,0,0,0,0,"122102:6,122101:8,11:5000"
101203,1012,3,0,0,1602,143,20,78,78,137,0,0,0,0,0,0,0,,,,,0,0,0,0,"122103:6,122102:8,122101:10,11:6000"
101204,1012,4,0,0,2544,226,32,124,124,187,0,0,0,0,0,0,0,,,,,0,0,0,0,"122104:8,122103:10,122102:12,11:8000"
101205,1012,5,0,0,3724,331,47,181,181,240,0,0,0,0,0,0,0,,,,,0,0,0,0,"122105:8,122104:12,122103:15,11:15000"
101206,1012,6,0,0,5141,458,64,250,250,294,0,0,0,0,0,0,0,,,,,0,0,0,0,"122106:10,122105:15,122104:18,11:24000"
101207,1012,7,0,0,6795,605,85,330,330,351,0,0,0,0,0,0,0,,,,,0,0,0,0,"122107:12,122106:16,122105:20,11:30000"
101208,1012,8,0,0,8686,773,109,422,422,410,0,0,0,0,0,0,0,,,,,0,0,0,0,"122108:16,122107:20,122106:24,11:40000"
101209,1012,9,0,0,10815,963,136,525,525,471,0,0,0,0,0,0,0,,,,,0,0,0,0,"122109:20,122108:24,122107:28,11:50000"
101210,1012,10,0,0,13181,1173,165,640,640,540,0,0,0,0,0,0,0,,,,,0,0,0,0,"122110:24,122109:28,122108:32,11:64000"
101300,1013,0,0,0,0,0,0,0,0,0,0,0,0,0,0,0,0,,,,,0,0,0,0,
101301,1013,1,0,0,294,6,45,13,18,63,0,0,0,0,0,0,0,,,,,0,0,0,0,"122201:5,11:4000"
101302,1013,2,0,0,607,11,93,27,37,130,0,0,0,0,0,0,0,,,,,0,0,0,0,"122202:6,122201:8,11:5000"
101303,1013,3,0,0,1084,21,166,49,66,200,0,0,0,0,0,0,0,,,,,0,0,0,0,"122203:6,122202:8,122201:10,11:6000"
101304,1013,4,0,0,1722,33,264,78,105,273,0,0,0,0,0,0,0,,,,,0,0,0,0,"122204:8,122203:10,122202:12,11:8000"
101305,1013,5,0,0,2520,48,386,114,153,349,0,0,0,0,0,0,0,,,,,0,0,0,0,"122205:8,122204:12,122203:15,11:15000"
101306,1013,6,0,0,3479,66,533,157,211,429,0,0,0,0,0,0,0,,,,,0,0,0,0,"122206:10,122205:15,122204:18,11:24000"
101307,1013,7,0,0,4599,87,704,208,279,511,0,0,0,0,0,0,0,,,,,0,0,0,0,"122207:12,122206:16,122205:20,11:30000"
101308,1013,8,0,0,5879,111,900,266,357,597,0,0,0,0,0,0,0,,,,,0,0,0,0,"122208:16,122207:20,122206:24,11:40000"
101309,1013,9,0,0,7320,139,1121,331,445,686,0,0,0,0,0,0,0,,,,,0,0,0,0,"122209:20,122208:24,122207:28,11:50000"
101310,1013,10,0,0,8921,169,1366,404,542,787,0,0,0,0,0,0,0,,,,,0,0,0,0,"122210:24,122209:28,122208:32,11:64000"
101400,1014,0,0,0,0,0,0,0,0,0,0,0,0,0,0,0,0,,,,,0,0,0,0,
101401,1014,1,0,0,414,39,6,20,21,52,0,0,0,0,0,0,0,,,,,0,0,0,0,"122201:5,11:4000"
101402,1014,2,0,0,852,81,12,42,44,107,0,0,0,0,0,0,0,,,,,0,0,0,0,"122202:6,122201:8,11:5000"
101403,1014,3,0,0,1523,145,21,75,79,165,0,0,0,0,0,0,0,,,,,0,0,0,0,"122203:6,122202:8,122201:10,11:6000"
101404,1014,4,0,0,2419,231,33,119,125,225,0,0,0,0,0,0,0,,,,,0,0,0,0,"122204:8,122203:10,122202:12,11:8000"
101405,1014,5,0,0,3541,338,48,174,183,288,0,0,0,0,0,0,0,,,,,0,0,0,0,"122205:8,122204:12,122203:15,11:15000"
101406,1014,6,0,0,4889,467,66,240,252,353,0,0,0,0,0,0,0,,,,,0,0,0,0,"122206:10,122205:15,122204:18,11:24000"
101407,1014,7,0,0,6462,617,88,317,333,421,0,0,0,0,0,0,0,,,,,0,0,0,0,"122207:12,122206:16,122205:20,11:30000"
101408,1014,8,0,0,8261,788,112,405,426,492,0,0,0,0,0,0,0,,,,,0,0,0,0,"122208:16,122207:20,122206:24,11:40000"
101409,1014,9,0,0,10285,982,140,504,530,565,0,0,0,0,0,0,0,,,,,0,0,0,0,"122209:20,122208:24,122207:28,11:50000"
101410,1014,10,0,0,12535,1196,170,614,646,648,0,0,0,0,0,0,0,,,,,0,0,0,0,"122210:24,122209:28,122208:32,11:64000"
102400,1024,0,0,0,0,0,0,0,0,0,0,0,0,0,0,0,0,,,,,0,0,0,0,
102401,1024,1,0,0,409,40,6,22,21,45,0,0,0,0,0,0,0,,,,,0,0,0,0,"122401:5,11:4000"
102402,1024,2,0,0,844,82,12,46,43,92,0,0,0,0,0,0,0,,,,,0,0,0,0,"122402:6,122401:8,11:5000"
102403,1024,3,0,0,1507,147,22,82,77,142,0,0,0,0,0,0,0,,,,,0,0,0,0,"122403:6,122402:8,122401:10,11:6000"
102404,1024,4,0,0,2394,233,35,130,122,194,0,0,0,0,0,0,0,,,,,0,0,0,0,"122404:8,122403:10,122402:12,11:8000"
102405,1024,5,0,0,3505,341,51,190,179,248,0,0,0,0,0,0,0,,,,,0,0,0,0,"122405:8,122404:12,122403:15,11:15000"
102406,1024,6,0,0,4838,471,71,262,247,304,0,0,0,0,0,0,0,,,,,0,0,0,0,"122406:10,122405:15,122404:18,11:24000"
102407,1024,7,0,0,6395,623,93,347,327,363,0,0,0,0,0,0,0,,,,,0,0,0,0,"122407:12,122406:16,122405:20,11:30000"
102408,1024,8,0,0,8175,796,119,444,418,424,0,0,0,0,0,0,0,,,,,0,0,0,0,"122408:16,122407:20,122406:24,11:40000"
102409,1024,9,0,0,10179,991,148,552,520,487,0,0,0,0,0,0,0,,,,,0,0,0,0,"122409:20,122408:24,122407:28,11:50000"
102410,1024,10,0,0,12406,1208,181,673,634,558,0,0,0,0,0,0,0,,,,,0,0,0,0,"122410:24,122409:28,122408:32,11:64000"
103100,1031,0,0,0,0,0,0,0,0,0,0,0,0,0,0,0,0,,,,,0,0,0,0,
103101,1031,1,0,0,465,32,5,26,28,38,0,0,0,0,0,0,0,,,,,0,0,0,0,"122401:5,11:4000"
103102,1031,2,0,0,957,67,11,55,58,79,0,0,0,0,0,0,0,,,,,0,0,0,0,"122402:6,122401:8,11:5000"
103103,1031,3,0,0,1711,119,20,98,103,122,0,0,0,0,0,0,0,,,,,0,0,0,0,"122403:6,122402:8,122401:10,11:6000"
103104,1031,4,0,0,2717,189,32,155,164,167,0,0,0,0,0,0,0,,,,,0,0,0,0,"122404:8,122403:10,122402:12,11:8000"
103105,1031,5,0,0,3977,277,47,227,240,213,0,0,0,0,0,0,0,,,,,0,0,0,0,"122405:8,122404:12,122403:15,11:15000"
103106,1031,6,0,0,5491,383,65,313,332,262,0,0,0,0,0,0,0,,,,,0,0,0,0,"122406:10,122405:15,122404:18,11:24000"
103107,1031,7,0,0,7258,506,85,414,439,312,0,0,0,0,0,0,0,,,,,0,0,0,0,"122407:12,122406:16,122405:20,11:30000"
103108,1031,8,0,0,9278,647,109,529,561,364,0,0,0,0,0,0,0,,,,,0,0,0,0,"122408:16,122407:20,122406:24,11:40000"
103109,1031,9,0,0,11551,806,136,659,698,419,0,0,0,0,0,0,0,,,,,0,0,0,0,"122409:20,122408:24,122407:28,11:50000"
103110,1031,10,0,0,14079,982,166,803,851,480,0,0,0,0,0,0,0,,,,,0,0,0,0,"122410:24,122409:28,122408:32,11:64000"
200100,2001,0,0,0,0,0,0,0,0,0,0,0,0,0,0,0,0,,,,,0,0,0,0,
200101,2001,1,0,0,285,34,5,12,13,73,0,0,0,0,0,0,0,,,,,0,0,0,0,"122101:5,11:4000"
200102,2001,2,0,0,586,69,10,25,27,150,0,0,0,0,0,0,0,,,,,0,0,0,0,"122102:6,122101:8,11:5000"
200103,2001,3,0,0,1048,124,18,45,49,232,0,0,0,0,0,0,0,,,,,0,0,0,0,"122103:6,122102:8,122101:10,11:6000"
200104,2001,4,0,0,1665,196,28,72,77,316,0,0,0,0,0,0,0,,,,,0,0,0,0,"122104:8,122103:10,122102:12,11:8000"
200105,2001,5,0,0,2437,287,42,105,113,405,0,0,0,0,0,0,0,,,,,0,0,0,0,"122105:8,122104:12,122103:15,11:15000"
200106,2001,6,0,0,3364,397,57,145,157,497,0,0,0,0,0,0,0,,,,,0,0,0,0,"122106:10,122105:15,122104:18,11:24000"
200107,2001,7,0,0,4446,524,76,192,207,593,0,0,0,0,0,0,0,,,,,0,0,0,0,"122107:12,122106:16,122105:20,11:30000"
200108,2001,8,0,0,5684,670,97,245,265,692,0,0,0,0,0,0,0,,,,,0,0,0,0,"122108:16,122107:20,122106:24,11:40000"
200109,2001,9,0,0,7077,834,121,305,329,795,0,0,0,0,0,0,0,,,,,0,0,0,0,"122109:20,122108:24,122107:28,11:50000"
200110,2001,10,0,0,8625,1017,147,372,401,912,0,0,0,0,0,0,0,,,,,0,0,0,0,"122110:24,122109:28,122108:32,11:64000"
200500,2005,0,0,0,0,0,0,0,0,0,0,0,0,0,0,0,0,,,,,0,0,0,0,
200501,2005,1,0,0,351,30,5,18,16,38,0,0,0,0,0,0,0,,,,,0,0,0,0,"122401:5,11:4000"
200502,2005,2,0,0,724,61,10,37,32,78,0,0,0,0,0,0,0,,,,,0,0,0,0,"122402:6,122401:8,11:5000"
200503,2005,3,0,0,1294,110,17,66,57,121,0,0,0,0,0,0,0,,,,,0,0,0,0,"122403:6,122402:8,122401:10,11:6000"
200504,2005,4,0,0,2055,174,27,105,91,165,0,0,0,0,0,0,0,,,,,0,0,0,0,"122404:8,122403:10,122402:12,11:8000"
200505,2005,5,0,0,3008,255,40,154,134,211,0,0,0,0,0,0,0,,,,,0,0,0,0,"122405:8,122404:12,122403:15,11:15000"
200506,2005,6,0,0,4153,352,55,212,185,259,0,0,0,0,0,0,0,,,,,0,0,0,0,"122406:10,122405:15,122404:18,11:24000"
200507,2005,7,0,0,5489,465,73,280,244,309,0,0,0,0,0,0,0,,,,,0,0,0,0,"122407:12,122406:16,122405:20,11:30000"
200508,2005,8,0,0,7017,594,94,358,312,361,0,0,0,0,0,0,0,,,,,0,0,0,0,"122408:16,122407:20,122406:24,11:40000"
200509,2005,9,0,0,8737,740,116,446,388,414,0,0,0,0,0,0,0,,,,,0,0,0,0,"122409:20,122408:24,122407:28,11:50000"
200510,2005,10,0,0,10648,901,142,544,473,475,0,0,0,0,0,0,0,,,,,0,0,0,0,"122410:24,122409:28,122408:32,11:64000"
200600,2006,0,0,0,0,0,0,0,0,0,0,0,0,0,0,0,0,,,,,0,0,0,0,
200601,2006,1,0,0,348,30,5,17,16,39,0,0,0,0,0,0,0,,,,,0,0,0,0,"122401:5,11:4000"
200602,2006,2,0,0,717,62,10,34,34,81,0,0,0,0,0,0,0,,,,,0,0,0,0,"122402:6,122401:8,11:5000"
200603,2006,3,0,0,1281,111,17,62,60,124,0,0,0,0,0,0,0,,,,,0,0,0,0,"122403:6,122402:8,122401:10,11:6000"
200604,2006,4,0,0,2035,176,28,98,96,170,0,0,0,0,0,0,0,,,,,0,0,0,0,"122404:8,122403:10,122402:12,11:8000"
200605,2006,5,0,0,2979,257,41,143,141,217,0,0,0,0,0,0,0,,,,,0,0,0,0,"122405:8,122404:12,122403:15,11:15000"
200606,2006,6,0,0,4113,355,56,198,194,267,0,0,0,0,0,0,0,,,,,0,0,0,0,"122406:10,122405:15,122404:18,11:24000"
200607,2006,7,0,0,5436,469,74,261,257,318,0,0,0,0,0,0,0,,,,,0,0,0,0,"122407:12,122406:16,122405:20,11:30000"
200608,2006,8,0,0,6949,600,94,334,328,372,0,0,0,0,0,0,0,,,,,0,0,0,0,"122408:16,122407:20,122406:24,11:40000"
200609,2006,9,0,0,8652,747,118,416,408,427,0,0,0,0,0,0,0,,,,,0,0,0,0,"122409:20,122408:24,122407:28,11:50000"
200610,2006,10,0,0,10545,911,143,507,498,490,0,0,0,0,0,0,0,,,,,0,0,0,0,"122410:24,122409:28,122408:32,11:64000"
200700,2007,0,0,0,0,0,0,0,0,0,0,0,0,0,0,0,0,,,,,0,0,0,0,
200701,2007,1,0,0,265,5,36,11,14,53,0,0,0,0,0,0,0,,,,,0,0,0,0,"122201:5,11:4000"
200702,2007,2,0,0,546,9,74,22,28,109,0,0,0,0,0,0,0,,,,,0,0,0,0,"122202:6,122201:8,11:5000"
200703,2007,3,0,0,976,17,133,39,51,168,0,0,0,0,0,0,0,,,,,0,0,0,0,"122203:6,122202:8,122201:10,11:6000"
200704,2007,4,0,0,1550,27,211,62,80,230,0,0,0,0,0,0,0,,,,,0,0,0,0,"122204:8,122203:10,122202:12,11:8000"
200705,2007,5,0,0,2268,39,309,91,118,294,0,0,0,0,0,0,0,,,,,0,0,0,0,"122205:8,122204:12,122203:15,11:15000"
200706,2007,6,0,0,3131,54,426,126,162,361,0,0,0,0,0,0,0,,,,,0,0,0,0,"122206:10,122205:15,122204:18,11:24000"
200707,2007,7,0,0,4139,72,563,167,215,431,0,0,0,0,0,0,0,,,,,0,0,0,0,"122207:12,122206:16,122205:20,11:30000"
200708,2007,8,0,0,5291,92,720,213,275,503,0,0,0,0,0,0,0,,,,,0,0,0,0,"122208:16,122207:20,122206:24,11:40000"
200709,2007,9,0,0,6588,114,897,265,342,578,0,0,0,0,0,0,0,,,,,0,0,0,0,"122209:20,122208:24,122207:28,11:50000"
200710,2007,10,0,0,8029,139,1093,323,417,662,0,0,0,0,0,0,0,,,,,0,0,0,0,"122210:24,122209:28,122208:32,11:64000"
200800,2008,0,0,0,0,0,0,0,0,0,0,0,0,0,0,0,0,,,,,0,0,0,0,
200801,2008,1,0,0,253,5,38,10,14,55,0,0,0,0,0,0,0,,,,,0,0,0,0,"122101:5,11:4000"
200802,2008,2,0,0,521,9,78,21,30,114,0,0,0,0,0,0,0,,,,,0,0,0,0,"122102:6,122101:8,11:5000"
200803,2008,3,0,0,930,17,140,37,53,175,0,0,0,0,0,0,0,,,,,0,0,0,0,"122103:6,122102:8,122101:10,11:6000"
200804,2008,4,0,0,1478,26,222,59,85,239,0,0,0,0,0,0,0,,,,,0,0,0,0,"122104:8,122103:10,122102:12,11:8000"
200805,2008,5,0,0,2163,39,324,87,124,306,0,0,0,0,0,0,0,,,,,0,0,0,0,"122105:8,122104:12,122103:15,11:15000"
200806,2008,6,0,0,2986,53,448,120,171,375,0,0,0,0,0,0,0,,,,,0,0,0,0,"122106:10,122105:15,122104:18,11:24000"
200807,2008,7,0,0,3947,70,592,158,226,448,0,0,0,0,0,0,0,,,,,0,0,0,0,"122107:12,122106:16,122105:20,11:30000"
200808,2008,8,0,0,5046,90,757,203,289,523,0,0,0,0,0,0,0,,,,,0,0,0,0,"122108:16,122107:20,122106:24,11:40000"
200809,2008,9,0,0,6283,112,942,252,359,601,0,0,0,0,0,0,0,,,,,0,0,0,0,"122109:20,122108:24,122107:28,11:50000"
200810,2008,10,0,0,7657,137,1149,307,438,689,0,0,0,0,0,0,0,,,,,0,0,0,0,"122110:24,122109:28,122108:32,11:64000"
200900,2009,0,0,0,0,0,0,0,0,0,0,0,0,0,0,0,0,,,,,0,0,0,0,
200901,2009,1,0,0,383,26,5,23,20,26,0,0,0,0,0,0,0,,,,,0,0,0,0,"122101:5,11:4000"
200902,2009,2,0,0,789,53,9,48,41,54,0,0,0,0,0,0,0,,,,,0,0,0,0,"122102:6,122101:8,11:5000"
200903,2009,3,0,0,1409,95,17,85,74,84,0,0,0,0,0,0,0,,,,,0,0,0,0,"122103:6,122102:8,122101:10,11:6000"
200904,2009,4,0,0,2238,152,27,135,118,115,0,0,0,0,0,0,0,,,,,0,0,0,0,"122104:8,122103:10,122102:12,11:8000"
200905,2009,5,0,0,3276,222,39,198,172,147,0,0,0,0,0,0,0,,,,,0,0,0,0,"122105:8,122104:12,122103:15,11:15000"
200906,2009,6,0,0,4523,306,54,274,238,180,0,0,0,0,0,0,0,,,,,0,0,0,0,"122106:10,122105:15,122104:18,11:24000"
200907,2009,7,0,0,5978,405,72,362,314,215,0,0,0,0,0,0,0,,,,,0,0,0,0,"122107:12,122106:16,122105:20,11:30000"
200908,2009,8,0,0,7643,518,92,463,402,251,0,0,0,0,0,0,0,,,,,0,0,0,0,"122108:16,122107:20,122106:24,11:40000"
200909,2009,9,0,0,9516,644,114,576,500,288,0,0,0,0,0,0,0,,,,,0,0,0,0,"122109:20,122108:24,122107:28,11:50000"
200910,2009,10,0,0,11597,785,139,702,609,330,0,0,0,0,0,0,0,,,,,0,0,0,0,"122110:24,122109:28,122108:32,11:64000"
201100,2011,0,0,0,0,0,0,0,0,0,0,0,0,0,0,0,0,,,,,0,0,0,0,
201101,2011,1,0,0,243,5,38,10,13,53,0,0,0,0,0,0,0,,,,,0,0,0,0,"122301:5,11:4000"
201102,2011,2,0,0,500,10,78,21,28,109,0,0,0,0,0,0,0,,,,,0,0,0,0,"122302:6,122301:8,11:5000"
201103,2011,3,0,0,894,17,140,37,50,168,0,0,0,0,0,0,0,,,,,0,0,0,0,"122303:6,122302:8,122301:10,11:6000"
201104,2011,4,0,0,1420,28,222,59,79,230,0,0,0,0,0,0,0,,,,,0,0,0,0,"122304:8,122303:10,122302:12,11:8000"
201105,2011,5,0,0,2079,41,324,86,115,294,0,0,0,0,0,0,0,,,,,0,0,0,0,"122305:8,122304:12,122303:15,11:15000"
201106,2011,6,0,0,2870,56,448,119,159,361,0,0,0,0,0,0,0,,,,,0,0,0,0,"122306:10,122305:15,122304:18,11:24000"
201107,2011,7,0,0,3794,74,592,157,210,431,0,0,0,0,0,0,0,,,,,0,0,0,0,"122307:12,122306:16,122305:20,11:30000"
201108,2011,8,0,0,4850,95,757,200,269,503,0,0,0,0,0,0,0,,,,,0,0,0,0,"122308:16,122307:20,122306:24,11:40000"
201109,2011,9,0,0,6039,118,942,250,335,578,0,0,0,0,0,0,0,,,,,0,0,0,0,"122309:20,122308:24,122307:28,11:50000"
201110,2011,10,0,0,7360,144,1149,304,408,662,0,0,0,0,0,0,0,,,,,0,0,0,0,"122310:24,122309:28,122308:32,11:64000"
201900,2019,0,0,0,0,0,0,0,0,0,0,0,0,0,0,0,0,,,,,0,0,0,0,
201901,2019,1,0,0,253,4,37,11,14,52,0,0,0,0,0,0,0,,,,,0,0,0,0,"122201:5,11:4000"
201902,2019,2,0,0,521,9,77,22,28,108,0,0,0,0,0,0,0,,,,,0,0,0,0,"122202:6,122201:8,11:5000"
201903,2019,3,0,0,930,16,137,40,50,167,0,0,0,0,0,0,0,,,,,0,0,0,0,"122203:6,122202:8,122201:10,11:6000"
201904,2019,4,0,0,1478,26,217,63,80,228,0,0,0,0,0,0,0,,,,,0,0,0,0,"122204:8,122203:10,122202:12,11:8000"
201905,2019,5,0,0,2163,38,318,92,117,291,0,0,0,0,0,0,0,,,,,0,0,0,0,"122205:8,122204:12,122203:15,11:15000"
201906,2019,6,0,0,2986,53,439,127,161,357,0,0,0,0,0,0,0,,,,,0,0,0,0,"122206:10,122205:15,122204:18,11:24000"
201907,2019,7,0,0,3947,70,581,168,213,426,0,0,0,0,0,0,0,,,,,0,0,0,0,"122207:12,122206:16,122205:20,11:30000"
201908,2019,8,0,0,5046,89,742,215,272,498,0,0,0,0,0,0,0,,,,,0,0,0,0,"122208:16,122207:20,122206:24,11:40000"
201909,2019,9,0,0,6283,111,924,268,338,572,0,0,0,0,0,0,0,,,,,0,0,0,0,"122209:20,122208:24,122207:28,11:50000"
201910,2019,10,0,0,7657,135,1126,326,412,656,0,0,0,0,0,0,0,,,,,0,0,0,0,"122210:24,122209:28,122208:32,11:64000"
202000,2020,0,0,0,0,0,0,0,0,0,0,0,0,0,0,0,0,,,,,0,0,0,0,
202001,2020,1,0,0,293,32,5,12,14,74,0,0,0,0,0,0,0,,,,,0,0,0,0,"122201:5,11:4000"
202002,2020,2,0,0,604,66,10,25,29,153,0,0,0,0,0,0,0,,,,,0,0,0,0,"122202:6,122201:8,11:5000"
202003,2020,3,0,0,1080,118,18,45,52,236,0,0,0,0,0,0,0,,,,,0,0,0,0,"122203:6,122202:8,122201:10,11:6000"
202004,2020,4,0,0,1715,187,28,72,82,323,0,0,0,0,0,0,0,,,,,0,0,0,0,"122204:8,122203:10,122202:12,11:8000"
202005,2020,5,0,0,2510,273,41,105,120,413,0,0,0,0,0,0,0,,,,,0,0,0,0,"122205:8,122204:12,122203:15,11:15000"
202006,2020,6,0,0,3466,377,57,145,166,507,0,0,0,0,0,0,0,,,,,0,0,0,0,"122206:10,122205:15,122204:18,11:24000"
202007,2020,7,0,0,4581,499,75,192,220,605,0,0,0,0,0,0,0,,,,,0,0,0,0,"122207:12,122206:16,122205:20,11:30000"
202008,2020,8,0,0,5856,638,96,245,281,706,0,0,0,0,0,0,0,,,,,0,0,0,0,"122208:16,122207:20,122206:24,11:40000"
202009,2020,9,0,0,7291,794,120,305,350,811,0,0,0,0,0,0,0,,,,,0,0,0,0,"122209:20,122208:24,122207:28,11:50000"
202010,2020,10,0,0,8886,968,146,372,427,930,0,0,0,0,0,0,0,,,,,0,0,0,0,"122210:24,122209:28,122208:32,11:64000"
202100,2021,0,0,0,0,0,0,0,0,0,0,0,0,0,0,0,0,,,,,0,0,0,0,
202101,2021,1,0,0,338,32,5,17,15,38,0,0,0,0,0,0,0,,,,,0,0,0,0,"122301:5,11:4000"
202102,2021,2,0,0,696,65,10,34,32,79,0,0,0,0,0,0,0,,,,,0,0,0,0,"122302:6,122301:8,11:5000"
202103,2021,3,0,0,1244,116,18,62,57,122,0,0,0,0,0,0,0,,,,,0,0,0,0,"122303:6,122302:8,122301:10,11:6000"
202104,2021,4,0,0,1975,185,28,98,90,167,0,0,0,0,0,0,0,,,,,0,0,0,0,"122304:8,122303:10,122302:12,11:8000"
202105,2021,5,0,0,2891,270,41,143,132,213,0,0,0,0,0,0,0,,,,,0,0,0,0,"122305:8,122304:12,122303:15,11:15000"
202106,2021,6,0,0,3992,373,56,198,183,262,0,0,0,0,0,0,0,,,,,0,0,0,0,"122306:10,122305:15,122304:18,11:24000"
202107,2021,7,0,0,5276,493,75,261,241,312,0,0,0,0,0,0,0,,,,,0,0,0,0,"122307:12,122306:16,122305:20,11:30000"
202108,2021,8,0,0,6745,631,95,334,309,364,0,0,0,0,0,0,0,,,,,0,0,0,0,"122308:16,122307:20,122306:24,11:40000"
202109,2021,9,0,0,8398,785,119,416,384,419,0,0,0,0,0,0,0,,,,,0,0,0,0,"122309:20,122308:24,122307:28,11:50000"
202110,2021,10,0,0,10235,957,145,507,468,480,0,0,0,0,0,0,0,,,,,0,0,0,0,"122310:24,122309:28,122308:32,11:64000"
204100,2041,0,0,0,0,0,0,0,0,0,0,0,0,0,0,0,0,,,,,0,0,0,0,
204101,2041,1,0,0,268,5,27,14,16,31,0,0,0,0,0,0,0,,,,,0,0,0,0,"122401:5,11:4000"
204102,2041,2,0,0,553,10,55,28,33,63,0,0,0,0,0,0,0,,,,,0,0,0,0,"122402:6,122401:8,11:5000"
204103,2041,3,0,0,988,17,99,51,59,98,0,0,0,0,0,0,0,,,,,0,0,0,0,"122403:6,122402:8,122401:10,11:6000"
204104,2041,4,0,0,1569,27,157,81,94,133,0,0,0,0,0,0,0,,,,,0,0,0,0,"122404:8,122403:10,122402:12,11:8000"
204105,2041,5,0,0,2297,40,230,118,138,170,0,0,0,0,0,0,0,,,,,0,0,0,0,"122405:8,122404:12,122403:15,11:15000"
204106,2041,6,0,0,3171,55,317,163,190,209,0,0,0,0,0,0,0,,,,,0,0,0,0,"122406:10,122405:15,122404:18,11:24000"
204107,2041,7,0,0,4192,73,419,216,251,250,0,0,0,0,0,0,0,,,,,0,0,0,0,"122407:12,122406:16,122405:20,11:30000"
204108,2041,8,0,0,5358,93,536,276,322,291,0,0,0,0,0,0,0,,,,,0,0,0,0,"122408:16,122407:20,122406:24,11:40000"
204109,2041,9,0,0,6672,116,667,343,400,335,0,0,0,0,0,0,0,,,,,0,0,0,0,"122409:20,122408:24,122407:28,11:50000"
204110,2041,10,0,0,8131,142,813,418,488,384,0,0,0,0,0,0,0,,,,,0,0,0,0,"122410:24,122409:28,122408:32,11:64000"
300200,3002,0,0,0,0,0,0,0,0,0,0,0,0,0,0,0,0,,,,,0,0,0,0,
300201,3002,1,0,0,308,21,4,18,17,25,0,0,0,0,0,0,0,,,,,0,0,0,0,"122101:5,11:4000"
300202,3002,2,0,0,635,43,8,38,35,51,0,0,0,0,0,0,0,,,,,0,0,0,0,"122102:6,122101:8,11:5000"
300203,3002,3,0,0,1134,77,14,68,62,78,0,0,0,0,0,0,0,,,,,0,0,0,0,"122103:6,122102:8,122101:10,11:6000"
300204,3002,4,0,0,1801,122,22,108,99,107,0,0,0,0,0,0,0,,,,,0,0,0,0,"122104:8,122103:10,122102:12,11:8000"
300205,3002,5,0,0,2636,178,32,158,144,137,0,0,0,0,0,0,0,,,,,0,0,0,0,"122105:8,122104:12,122103:15,11:15000"
300206,3002,6,0,0,3640,246,45,218,199,168,0,0,0,0,0,0,0,,,,,0,0,0,0,"122106:10,122105:15,122104:18,11:24000"
300207,3002,7,0,0,4811,326,59,288,263,201,0,0,0,0,0,0,0,,,,,0,0,0,0,"122107:12,122106:16,122105:20,11:30000"
300208,3002,8,0,0,6150,416,75,369,337,234,0,0,0,0,0,0,0,,,,,0,0,0,0,"122108:16,122107:20,122106:24,11:40000"
300209,3002,9,0,0,7657,518,94,459,419,269,0,0,0,0,0,0,0,,,,,0,0,0,0,"122109:20,122108:24,122107:28,11:50000"
300210,3002,10,0,0,9332,632,114,559,511,309,0,0,0,0,0,0,0,,,,,0,0,0,0,"122110:24,122109:28,122108:32,11:64000"
300300,3003,0,0,0,0,0,0,0,0,0,0,0,0,0,0,0,0,,,,,0,0,0,0,
300301,3003,1,0,0,283,24,4,14,13,32,0,0,0,0,0,0,0,,,,,0,0,0,0,"122101:5,11:4000"
300302,3003,2,0,0,583,50,8,28,27,66,0,0,0,0,0,0,0,,,,,0,0,0,0,"122102:6,122101:8,11:5000"
300303,3003,3,0,0,1041,90,14,50,49,101,0,0,0,0,0,0,0,,,,,0,0,0,0,"122103:6,122102:8,122101:10,11:6000"
300304,3003,4,0,0,1654,143,22,80,78,138,0,0,0,0,0,0,0,,,,,0,0,0,0,"122104:8,122103:10,122102:12,11:8000"
300305,3003,5,0,0,2420,209,33,116,114,177,0,0,0,0,0,0,0,,,,,0,0,0,0,"122105:8,122104:12,122103:15,11:15000"
300306,3003,6,0,0,3341,289,45,161,158,217,0,0,0,0,0,0,0,,,,,0,0,0,0,"122106:10,122105:15,122104:18,11:24000"
300307,3003,7,0,0,4417,381,60,212,208,259,0,0,0,0,0,0,0,,,,,0,0,0,0,"122107:12,122106:16,122105:20,11:30000"
300308,3003,8,0,0,5646,488,77,271,266,302,0,0,0,0,0,0,0,,,,,0,0,0,0,"122108:16,122107:20,122106:24,11:40000"
300309,3003,9,0,0,7030,607,96,338,332,347,0,0,0,0,0,0,0,,,,,0,0,0,0,"122109:20,122108:24,122107:28,11:50000"
300310,3003,10,0,0,8568,740,116,412,404,398,0,0,0,0,0,0,0,,,,,0,0,0,0,"122110:24,122109:28,122108:32,11:64000"
300400,3004,0,0,0,0,0,0,0,0,0,0,0,0,0,0,0,0,,,,,0,0,0,0,
300401,3004,1,0,0,288,24,4,14,13,33,0,0,0,0,0,0,0,,,,,0,0,0,0,"122101:5,11:4000"
300402,3004,2,0,0,594,50,8,30,26,68,0,0,0,0,0,0,0,,,,,0,0,0,0,"122102:6,122101:8,11:5000"
300403,3004,3,0,0,1061,89,14,53,47,104,0,0,0,0,0,0,0,,,,,0,0,0,0,"122103:6,122102:8,122101:10,11:6000"
300404,3004,4,0,0,1686,141,22,84,74,142,0,0,0,0,0,0,0,,,,,0,0,0,0,"122104:8,122103:10,122102:12,11:8000"
300405,3004,5,0,0,2468,207,33,124,109,182,0,0,0,0,0,0,0,,,,,0,0,0,0,"122105:8,122104:12,122103:15,11:15000"
300406,3004,6,0,0,3407,286,45,171,150,223,0,0,0,0,0,0,0,,,,,0,0,0,0,"122106:10,122105:15,122104:18,11:24000"
300407,3004,7,0,0,4503,378,59,226,198,266,0,0,0,0,0,0,0,,,,,0,0,0,0,"122107:12,122106:16,122105:20,11:30000"
300408,3004,8,0,0,5757,483,76,288,253,311,0,0,0,0,0,0,0,,,,,0,0,0,0,"122108:16,122107:20,122106:24,11:40000"
300409,3004,9,0,0,7168,601,95,359,315,357,0,0,0,0,0,0,0,,,,,0,0,0,0,"122109:20,122108:24,122107:28,11:50000"
300410,3004,10,0,0,8736,732,115,437,385,410,0,0,0,0,0,0,0,,,,,0,0,0,0,"122110:24,122109:28,122108:32,11:64000"
300500,3005,0,0,0,0,0,0,0,0,0,0,0,0,0,0,0,0,,,,,0,0,0,0,
300501,3005,1,0,0,225,4,22,11,13,26,0,0,0,0,0,0,0,,,,,0,0,0,0,"122401:5,11:4000"
300502,3005,2,0,0,463,8,46,23,28,54,0,0,0,0,0,0,0,,,,,0,0,0,0,"122402:6,122401:8,11:5000"
300503,3005,3,0,0,827,14,83,40,50,82,0,0,0,0,0,0,0,,,,,0,0,0,0,"122403:6,122402:8,122401:10,11:6000"
300504,3005,4,0,0,1313,22,131,64,79,113,0,0,0,0,0,0,0,,,,,0,0,0,0,"122404:8,122403:10,122402:12,11:8000"
300505,3005,5,0,0,1922,32,192,94,115,144,0,0,0,0,0,0,0,,,,,0,0,0,0,"122405:8,122404:12,122403:15,11:15000"
300506,3005,6,0,0,2654,44,265,130,159,177,0,0,0,0,0,0,0,,,,,0,0,0,0,"122406:10,122405:15,122404:18,11:24000"
300507,3005,7,0,0,3508,58,351,172,210,211,0,0,0,0,0,0,0,,,,,0,0,0,0,"122407:12,122406:16,122405:20,11:30000"
300508,3005,8,0,0,4484,74,448,219,269,246,0,0,0,0,0,0,0,,,,,0,0,0,0,"122408:16,122407:20,122406:24,11:40000"
300509,3005,9,0,0,5583,93,558,273,335,283,0,0,0,0,0,0,0,,,,,0,0,0,0,"122409:20,122408:24,122407:28,11:50000"
300510,3005,10,0,0,6805,113,680,333,408,324,0,0,0,0,0,0,0,,,,,0,0,0,0,"122410:24,122409:28,122408:32,11:64000"
300600,3006,0,0,0,0,0,0,0,0,0,0,0,0,0,0,0,0,,,,,0,0,0,0,
300601,3006,1,0,0,217,28,4,11,9,42,0,0,0,0,0,0,0,,,,,0,0,0,0,"122301:5,11:4000"
300602,3006,2,0,0,446,58,8,22,19,87,0,0,0,0,0,0,0,,,,,0,0,0,0,"122302:6,122301:8,11:5000"
300603,3006,3,0,0,798,103,14,39,34,135,0,0,0,0,0,0,0,,,,,0,0,0,0,"122303:6,122302:8,122301:10,11:6000"
300604,3006,4,0,0,1267,164,22,63,54,184,0,0,0,0,0,0,0,,,,,0,0,0,0,"122304:8,122303:10,122302:12,11:8000"
300605,3006,5,0,0,1854,241,32,92,79,235,0,0,0,0,0,0,0,,,,,0,0,0,0,"122305:8,122304:12,122303:15,11:15000"
300606,3006,6,0,0,2560,332,44,126,109,289,0,0,0,0,0,0,0,,,,,0,0,0,0,"122306:10,122305:15,122304:18,11:24000"
300607,3006,7,0,0,3384,439,58,167,144,344,0,0,0,0,0,0,0,,,,,0,0,0,0,"122307:12,122306:16,122305:20,11:30000"
300608,3006,8,0,0,4326,561,74,213,185,402,0,0,0,0,0,0,0,,,,,0,0,0,0,"122308:16,122307:20,122306:24,11:40000"
300609,3006,9,0,0,5386,699,92,266,230,462,0,0,0,0,0,0,0,,,,,0,0,0,0,"122309:20,122308:24,122307:28,11:50000"
300610,3006,10,0,0,6564,852,112,324,280,530,0,0,0,0,0,0,0,,,,,0,0,0,0,"122310:24,122309:28,122308:32,11:64000"
300700,3007,0,0,0,0,0,0,0,0,0,0,0,0,0,0,0,0,,,,,0,0,0,0,
300701,3007,1,0,0,314,21,4,17,18,26,0,0,0,0,0,0,0,,,,,0,0,0,0,"122401:5,11:4000"
300702,3007,2,0,0,647,44,8,35,37,55,0,0,0,0,0,0,0,,,,,0,0,0,0,"122402:6,122401:8,11:5000"
300703,3007,3,0,0,1156,78,14,62,67,84,0,0,0,0,0,0,0,,,,,0,0,0,0,"122403:6,122402:8,122401:10,11:6000"
300704,3007,4,0,0,1836,124,23,99,106,115,0,0,0,0,0,0,0,,,,,0,0,0,0,"122404:8,122403:10,122402:12,11:8000"
300705,3007,5,0,0,2688,182,33,144,155,147,0,0,0,0,0,0,0,,,,,0,0,0,0,"122405:8,122404:12,122403:15,11:15000"
300706,3007,6,0,0,3710,251,45,199,214,180,0,0,0,0,0,0,0,,,,,0,0,0,0,"122406:10,122405:15,122404:18,11:24000"
300707,3007,7,0,0,4904,332,60,263,282,215,0,0,0,0,0,0,0,,,,,0,0,0,0,"122407:12,122406:16,122405:20,11:30000"
300708,3007,8,0,0,6269,425,77,337,361,251,0,0,0,0,0,0,0,,,,,0,0,0,0,"122408:16,122407:20,122406:24,11:40000"
300709,3007,9,0,0,7806,529,96,419,449,288,0,0,0,0,0,0,0,,,,,0,0,0,0,"122409:20,122408:24,122407:28,11:50000"
300710,3007,10,0,0,9514,645,117,511,548,331,0,0,0,0,0,0,0,,,,,0,0,0,0,"122410:24,122409:28,122408:32,11:64000"
300800,3008,0,0,0,0,0,0,0,0,0,0,0,0,0,0,0,0,,,,,0,0,0,0,
300801,3008,1,0,0,291,26,3,15,12,31,0,0,0,0,0,0,0,,,,,0,0,0,0,"122301:5,11:4000"
300802,3008,2,0,0,600,54,7,30,24,64,0,0,0,0,0,0,0,,,,,0,0,0,0,"122302:6,122301:8,11:5000"
300803,3008,3,0,0,1072,96,12,54,43,99,0,0,0,0,0,0,0,,,,,0,0,0,0,"122303:6,122302:8,122301:10,11:6000"
300804,3008,4,0,0,1702,153,20,86,69,135,0,0,0,0,0,0,0,,,,,0,0,0,0,"122304:8,122303:10,122302:12,11:8000"
300805,3008,5,0,0,2492,224,29,126,101,173,0,0,0,0,0,0,0,,,,,0,0,0,0,"122305:8,122304:12,122303:15,11:15000"
300806,3008,6,0,0,3440,309,40,174,139,213,0,0,0,0,0,0,0,,,,,0,0,0,0,"122306:10,122305:15,122304:18,11:24000"
300807,3008,7,0,0,4547,409,53,230,184,254,0,0,0,0,0,0,0,,,,,0,0,0,0,"122307:12,122306:16,122305:20,11:30000"
300808,3008,8,0,0,5812,522,68,294,235,296,0,0,0,0,0,0,0,,,,,0,0,0,0,"122308:16,122307:20,122306:24,11:40000"
300809,3008,9,0,0,7237,650,84,366,293,340,0,0,0,0,0,0,0,,,,,0,0,0,0,"122309:20,122308:24,122307:28,11:50000"
300810,3008,10,0,0,8820,793,103,446,357,390,0,0,0,0,0,0,0,,,,,0,0,0,0,"122310:24,122309:28,122308:32,11:64000"
301000,3010,0,0,0,0,0,0,0,0,0,0,0,0,0,0,0,0,,,,,0,0,0,0,
301001,3010,1,0,0,241,27,4,11,13,62,0,0,0,0,0,0,0,,,,,0,0,0,0,"122301:5,11:4000"
301002,3010,2,0,0,496,55,8,23,27,128,0,0,0,0,0,0,0,,,,,0,0,0,0,"122302:6,122301:8,11:5000"
301003,3010,3,0,0,886,98,14,42,47,198,0,0,0,0,0,0,0,,,,,0,0,0,0,"122303:6,122302:8,122301:10,11:6000"
301004,3010,4,0,0,1407,156,22,66,75,270,0,0,0,0,0,0,0,,,,,0,0,0,0,"122304:8,122303:10,122302:12,11:8000"
301005,3010,5,0,0,2060,229,31,97,110,345,0,0,0,0,0,0,0,,,,,0,0,0,0,"122305:8,122304:12,122303:15,11:15000"
301006,3010,6,0,0,2843,316,43,134,152,424,0,0,0,0,0,0,0,,,,,0,0,0,0,"122306:10,122305:15,122304:18,11:24000"
301007,3010,7,0,0,3758,418,57,177,201,506,0,0,0,0,0,0,0,,,,,0,0,0,0,"122307:12,122306:16,122305:20,11:30000"
301008,3010,8,0,0,4805,534,73,226,257,591,0,0,0,0,0,0,0,,,,,0,0,0,0,"122308:16,122307:20,122306:24,11:40000"
301009,3010,9,0,0,5982,665,91,281,321,678,0,0,0,0,0,0,0,,,,,0,0,0,0,"122309:20,122308:24,122307:28,11:50000"
301010,3010,10,0,0,7291,810,111,343,391,778,0,0,0,0,0,0,0,,,,,0,0,0,0,"122310:24,122309:28,122308:32,11:64000"
301100,3011,0,0,0,0,0,0,0,0,0,0,0,0,0,0,0,0,,,,,0,0,0,0,
301101,3011,1,0,0,299,21,4,18,17,25,0,0,0,0,0,0,0,,,,,0,0,0,0,"122401:5,11:4000"
301102,3011,2,0,0,616,44,8,37,36,51,0,0,0,0,0,0,0,,,,,0,0,0,0,"122402:6,122401:8,11:5000"
301103,3011,3,0,0,1101,79,14,65,64,79,0,0,0,0,0,0,0,,,,,0,0,0,0,"122403:6,122402:8,122401:10,11:6000"
301104,3011,4,0,0,1749,126,22,104,102,108,0,0,0,0,0,0,0,,,,,0,0,0,0,"122404:8,122403:10,122402:12,11:8000"
301105,3011,5,0,0,2560,184,32,152,149,139,0,0,0,0,0,0,0,,,,,0,0,0,0,"122405:8,122404:12,122403:15,11:15000"
301106,3011,6,0,0,3534,254,44,210,205,170,0,0,0,0,0,0,0,,,,,0,0,0,0,"122406:10,122405:15,122404:18,11:24000"
301107,3011,7,0,0,4671,336,58,277,271,203,0,0,0,0,0,0,0,,,,,0,0,0,0,"122407:12,122406:16,122405:20,11:30000"
301108,3011,8,0,0,5971,429,75,355,347,237,0,0,0,0,0,0,0,,,,,0,0,0,0,"122408:16,122407:20,122406:24,11:40000"
301109,3011,9,0,0,7434,534,93,441,432,272,0,0,0,0,0,0,0,,,,,0,0,0,0,"122409:20,122408:24,122407:28,11:50000"
301110,3011,10,0,0,9060,651,113,538,527,312,0,0,0,0,0,0,0,,,,,0,0,0,0,"122410:24,122409:28,122408:32,11:64000"
400100,4001,0,0,0,0,0,0,0,0,0,0,0,0,0,0,0,0,,,,,0,0,0,0,
400101,4001,1,0,0,255,22,3,13,11,28,0,0,0,0,0,0,0,,,,,0,0,0,0,"122101:5,11:4000"
400102,4001,2,0,0,525,44,7,27,23,57,0,0,0,0,0,0,0,,,,,0,0,0,0,"122102:6,122101:8,11:5000"
400103,4001,3,0,0,938,79,13,48,42,88,0,0,0,0,0,0,0,,,,,0,0,0,0,"122103:6,122102:8,122101:10,11:6000"
400104,4001,4,0,0,1490,126,20,76,66,120,0,0,0,0,0,0,0,,,,,0,0,0,0,"122104:8,122103:10,122102:12,11:8000"
400105,4001,5,0,0,2181,185,29,111,97,153,0,0,0,0,0,0,0,,,,,0,0,0,0,"122105:8,122104:12,122103:15,11:15000"
400106,4001,6,0,0,3011,255,40,154,134,188,0,0,0,0,0,0,0,,,,,0,0,0,0,"122106:10,122105:15,122104:18,11:24000"
400107,4001,7,0,0,3980,337,53,203,177,224,0,0,0,0,0,0,0,,,,,0,0,0,0,"122107:12,122106:16,122105:20,11:30000"
400108,4001,8,0,0,5088,431,68,260,226,261,0,0,0,0,0,0,0,,,,,0,0,0,0,"122108:16,122107:20,122106:24,11:40000"
400109,4001,9,0,0,6334,536,84,323,282,300,0,0,0,0,0,0,0,,,,,0,0,0,0,"122109:20,122108:24,122107:28,11:50000"
400110,4001,10,0,0,7720,654,103,394,343,345,0,0,0,0,0,0,0,,,,,0,0,0,0,"122110:24,122109:28,122108:32,11:64000"
400200,4002,0,0,0,0,0,0,0,0,0,0,0,0,0,0,0,0,,,,,0,0,0,0,
400201,4002,1,0,0,272,19,3,15,16,23,0,0,0,0,0,0,0,,,,,0,0,0,0,"122101:5,11:4000"
400202,4002,2,0,0,561,39,7,32,33,47,0,0,0,0,0,0,0,,,,,0,0,0,0,"122102:6,122101:8,11:5000"
400203,4002,3,0,0,1002,69,13,57,58,72,0,0,0,0,0,0,0,,,,,0,0,0,0,"122103:6,122102:8,122101:10,11:6000"
400204,4002,4,0,0,1592,110,20,90,93,99,0,0,0,0,0,0,0,,,,,0,0,0,0,"122104:8,122103:10,122102:12,11:8000"
400205,4002,5,0,0,2330,161,29,132,135,126,0,0,0,0,0,0,0,,,,,0,0,0,0,"122105:8,122104:12,122103:15,11:15000"
400206,4002,6,0,0,3216,222,40,182,187,155,0,0,0,0,0,0,0,,,,,0,0,0,0,"122106:10,122105:15,122104:18,11:24000"
400207,4002,7,0,0,4251,294,53,240,247,185,0,0,0,0,0,0,0,,,,,0,0,0,0,"122107:12,122106:16,122105:20,11:30000"
400208,4002,8,0,0,5434,375,68,307,316,216,0,0,0,0,0,0,0,,,,,0,0,0,0,"122108:16,122107:20,122106:24,11:40000"
400209,4002,9,0,0,6766,467,85,382,393,248,0,0,0,0,0,0,0,,,,,0,0,0,0,"122109:20,122108:24,122107:28,11:50000"
400210,4002,10,0,0,8246,569,103,466,479,284,0,0,0,0,0,0,0,,,,,0,0,0,0,"122110:24,122109:28,122108:32,11:64000"
400300,4003,0,0,0,0,0,0,0,0,0,0,0,0,0,0,0,0,,,,,0,0,0,0,
400301,4003,1,0,0,188,26,4,9,8,41,0,0,0,0,0,0,0,,,,,0,0,0,0,"122101:5,11:4000"
400302,4003,2,0,0,387,53,7,19,17,84,0,0,0,0,0,0,0,,,,,0,0,0,0,"122102:6,122101:8,11:5000"
400303,4003,3,0,0,692,94,13,35,30,130,0,0,0,0,0,0,0,,,,,0,0,0,0,"122103:6,122102:8,122101:10,11:6000"
400304,4003,4,0,0,1099,150,21,55,48,178,0,0,0,0,0,0,0,,,,,0,0,0,0,"122104:8,122103:10,122102:12,11:8000"
400305,4003,5,0,0,1608,219,30,81,71,227,0,0,0,0,0,0,0,,,,,0,0,0,0,"122105:8,122104:12,122103:15,11:15000"
400306,4003,6,0,0,2220,303,41,112,97,279,0,0,0,0,0,0,0,,,,,0,0,0,0,"122106:10,122105:15,122104:18,11:24000"
400307,4003,7,0,0,2935,400,55,148,129,333,0,0,0,0,0,0,0,,,,,0,0,0,0,"122107:12,122106:16,122105:20,11:30000"
400308,4003,8,0,0,3752,511,70,189,165,388,0,0,0,0,0,0,0,,,,,0,0,0,0,"122108:16,122107:20,122106:24,11:40000"
400309,4003,9,0,0,4671,637,87,235,205,446,0,0,0,0,0,0,0,,,,,0,0,0,0,"122109:20,122108:24,122107:28,11:50000"
400310,4003,10,0,0,5693,776,106,286,250,512,0,0,0,0,0,0,0,,,,,0,0,0,0,"122110:24,122109:28,122108:32,11:64000"
400400,4004,0,0,0,0,0,0,0,0,0,0,0,0,0,0,0,0,,,,,0,0,0,0,
400401,4004,1,0,0,183,3,27,7,10,40,0,0,0,0,0,0,0,,,,,0,0,0,0,"122101:5,11:4000"
400402,4004,2,0,0,378,7,57,15,22,82,0,0,0,0,0,0,0,,,,,0,0,0,0,"122102:6,122101:8,11:5000"
400403,4004,3,0,0,675,12,101,27,39,127,0,0,0,0,0,0,0,,,,,0,0,0,0,"122103:6,122102:8,122101:10,11:6000"
400404,4004,4,0,0,1071,19,161,43,61,173,0,0,0,0,0,0,0,,,,,0,0,0,0,"122104:8,122103:10,122102:12,11:8000"
400405,4004,5,0,0,1568,28,235,63,90,222,0,0,0,0,0,0,0,,,,,0,0,0,0,"122105:8,122104:12,122103:15,11:15000"
400406,4004,6,0,0,2165,39,325,87,124,272,0,0,0,0,0,0,0,,,,,0,0,0,0,"122106:10,122105:15,122104:18,11:24000"
400407,4004,7,0,0,2862,51,429,115,164,325,0,0,0,0,0,0,0,,,,,0,0,0,0,"122107:12,122106:16,122105:20,11:30000"
400408,4004,8,0,0,3658,65,549,147,209,379,0,0,0,0,0,0,0,,,,,0,0,0,0,"122108:16,122107:20,122106:24,11:40000"
400409,4004,9,0,0,4555,81,683,183,260,436,0,0,0,0,0,0,0,,,,,0,0,0,0,"122109:20,122108:24,122107:28,11:50000"
400410,4004,10,0,0,5552,99,833,223,317,499,0,0,0,0,0,0,0,,,,,0,0,0,0,"122110:24,122109:28,122108:32,11:64000"
400500,4005,0,0,0,0,0,0,0,0,0,0,0,0,0,0,0,0,,,,,0,0,0,0,
400501,4005,1,0,0,208,3,18,10,11,22,0,0,0,0,0,0,0,,,,,0,0,0,0,"122101:5,11:4000"
400502,4005,2,0,0,429,7,38,21,23,45,0,0,0,0,0,0,0,,,,,0,0,0,0,"122102:6,122101:8,11:5000"
400503,4005,3,0,0,766,12,68,38,42,69,0,0,0,0,0,0,0,,,,,0,0,0,0,"122103:6,122102:8,122101:10,11:6000"
400504,4005,4,0,0,1217,19,108,61,66,94,0,0,0,0,0,0,0,,,,,0,0,0,0,"122104:8,122103:10,122102:12,11:8000"
400505,4005,5,0,0,1782,28,158,89,97,120,0,0,0,0,0,0,0,,,,,0,0,0,0,"122105:8,122104:12,122103:15,11:15000"
400506,4005,6,0,0,2460,38,218,123,134,147,0,0,0,0,0,0,0,,,,,0,0,0,0,"122106:10,122105:15,122104:18,11:24000"
400507,4005,7,0,0,3252,50,289,163,177,176,0,0,0,0,0,0,0,,,,,0,0,0,0,"122107:12,122106:16,122105:20,11:30000"
400508,4005,8,0,0,4157,64,369,208,226,205,0,0,0,0,0,0,0,,,,,0,0,0,0,"122108:16,122107:20,122106:24,11:40000"
400509,4005,9,0,0,5176,80,460,259,282,235,0,0,0,0,0,0,0,,,,,0,0,0,0,"122109:20,122108:24,122107:28,11:50000"
400510,4005,10,0,0,6308,98,560,315,343,270,0,0,0,0,0,0,0,,,,,0,0,0,0,"122110:24,122109:28,122108:32,11:64000"
400600,4006,0,0,0,0,0,0,0,0,0,0,0,0,0,0,0,0,,,,,0,0,0,0,
400601,4006,1,0,0,219,23,4,9,10,56,0,0,0,0,0,0,0,,,,,0,0,0,0,"122101:5,11:4000"
400602,4006,2,0,0,451,48,7,18,21,116,0,0,0,0,0,0,0,,,,,0,0,0,0,"122102:6,122101:8,11:5000"
400603,4006,3,0,0,806,86,13,32,38,178,0,0,0,0,0,0,0,,,,,0,0,0,0,"122103:6,122102:8,122101:10,11:6000"
400604,4006,4,0,0,1280,137,21,51,61,243,0,0,0,0,0,0,0,,,,,0,0,0,0,"122104:8,122103:10,122102:12,11:8000"
400605,4006,5,0,0,1874,200,30,75,89,311,0,0,0,0,0,0,0,,,,,0,0,0,0,"122105:8,122104:12,122103:15,11:15000"
400606,4006,6,0,0,2586,276,42,103,123,382,0,0,0,0,0,0,0,,,,,0,0,0,0,"122106:10,122105:15,122104:18,11:24000"
400607,4006,7,0,0,3419,365,55,136,163,456,0,0,0,0,0,0,0,,,,,0,0,0,0,"122107:12,122106:16,122105:20,11:30000"
400608,4006,8,0,0,4370,467,70,174,208,532,0,0,0,0,0,0,0,,,,,0,0,0,0,"122108:16,122107:20,122106:24,11:40000"
400609,4006,9,0,0,5442,581,88,217,259,611,0,0,0,0,0,0,0,,,,,0,0,0,0,"122109:20,122108:24,122107:28,11:50000"
400610,4006,10,0,0,6632,709,107,264,315,701,0,0,0,0,0,0,0,,,,,0,0,0,0,"122110:24,122109:28,122108:32,11:64000"
101700,1017,0,0,0,0,0,0,0,0,0,0,0,0,0,0,0,0,,,,,0,0,0,0,
101701,1017,1,0,0,422,39,6,22,20,48,0,0,0,0,0,0,0,,,,,0,0,0,0,"122301:5,11:4000"
101702,1017,2,0,0,870,80,12,46,41,98,0,0,0,0,0,0,0,,,,,0,0,0,0,"122302:6,122301:8,11:5000"
101703,1017,3,0,0,1554,143,22,83,73,151,0,0,0,0,0,0,0,,,,,0,0,0,0,"122303:6,122302:8,122301:10,11:6000"
101704,1017,4,0,0,2469,226,34,131,115,206,0,0,0,0,0,0,0,,,,,0,0,0,0,"122304:8,122303:10,122302:12,11:8000"
101705,1017,5,0,0,3614,331,50,192,169,264,0,0,0,0,0,0,0,,,,,0,0,0,0,"122305:8,122304:12,122303:15,11:15000"
101706,1017,6,0,0,4989,458,69,265,233,324,0,0,0,0,0,0,0,,,,,0,0,0,0,"122306:10,122305:15,122304:18,11:24000"
101707,1017,7,0,0,6595,605,91,350,308,386,0,0,0,0,0,0,0,,,,,0,0,0,0,"122307:12,122306:16,122305:20,11:30000"
101708,1017,8,0,0,8431,773,117,448,394,451,0,0,0,0,0,0,0,,,,,0,0,0,0,"122308:16,122307:20,122306:24,11:40000"
101709,1017,9,0,0,10497,963,146,558,490,518,0,0,0,0,0,0,0,,,,,0,0,0,0,"122309:20,122308:24,122307:28,11:50000"
101710,1017,10,0,0,12794,1173,177,680,598,594,0,0,0,0,0,0,0,,,,,0,0,0,0,"122310:24,122309:28,122308:32,11:64000"
101800,1018,0,0,0,0,0,0,0,0,0,0,0,0,0,0,0,0,,,,,0,0,0,0,
101801,1018,1,0,0,313,6,46,13,18,68,0,0,0,0,0,0,0,,,,,0,0,0,0,"122201:5,11:4000"
101802,1018,2,0,0,645,12,94,26,37,139,0,0,0,0,0,0,0,,,,,0,0,0,0,"122202:6,122201:8,11:5000"
101803,1018,3,0,0,1152,22,168,47,66,215,0,0,0,0,0,0,0,,,,,0,0,0,0,"122203:6,122202:8,122201:10,11:6000"
101804,1018,4,0,0,1829,34,266,74,105,293,0,0,0,0,0,0,0,,,,,0,0,0,0,"122204:8,122203:10,122202:12,11:8000"
101805,1018,5,0,0,2678,50,390,109,153,375,0,0,0,0,0,0,0,,,,,0,0,0,0,"122205:8,122204:12,122203:15,11:15000"
101806,1018,6,0,0,3697,69,538,150,211,460,0,0,0,0,0,0,0,,,,,0,0,0,0,"122206:10,122205:15,122204:18,11:24000"
101807,1018,7,0,0,4886,92,711,198,279,549,0,0,0,0,0,0,0,,,,,0,0,0,0,"122207:12,122206:16,122205:20,11:30000"
101808,1018,8,0,0,6246,117,909,253,357,641,0,0,0,0,0,0,0,,,,,0,0,0,0,"122208:16,122207:20,122206:24,11:40000"
101809,1018,9,0,0,7777,146,1132,315,445,736,0,0,0,0,0,0,0,,,,,0,0,0,0,"122209:20,122208:24,122207:28,11:50000"
101810,1018,10,0,0,9479,178,1380,384,542,845,0,0,0,0,0,0,0,,,,,0,0,0,0,"122210:24,122209:28,122208:32,11:64000"
101900,1019,0,0,0,0,0,0,0,0,0,0,0,0,0,0,0,0,,,,,0,0,0,0,
101901,1019,1,0,0,444,39,6,22,20,49,0,0,0,0,0,0,0,,,,,0,0,0,0,"122301:5,11:4000"
101902,1019,2,0,0,914,80,12,46,41,102,0,0,0,0,0,0,0,,,,,0,0,0,0,"122302:6,122301:8,11:5000"
101903,1019,3,0,0,1633,143,22,82,73,157,0,0,0,0,0,0,0,,,,,0,0,0,0,"122303:6,122302:8,122301:10,11:6000"
101904,1019,4,0,0,2594,226,34,130,116,214,0,0,0,0,0,0,0,,,,,0,0,0,0,"122304:8,122303:10,122302:12,11:8000"
101905,1019,5,0,0,3797,331,50,190,170,274,0,0,0,0,0,0,0,,,,,0,0,0,0,"122305:8,122304:12,122303:15,11:15000"
101906,1019,6,0,0,5241,458,69,262,234,337,0,0,0,0,0,0,0,,,,,0,0,0,0,"122306:10,122305:15,122304:18,11:24000"
101907,1019,7,0,0,6928,605,91,347,310,402,0,0,0,0,0,0,0,,,,,0,0,0,0,"122307:12,122306:16,122305:20,11:30000"
101908,1019,8,0,0,8857,773,117,444,396,469,0,0,0,0,0,0,0,,,,,0,0,0,0,"122308:16,122307:20,122306:24,11:40000"
101909,1019,9,0,0,11027,963,146,552,493,539,0,0,0,0,0,0,0,,,,,0,0,0,0,"122309:20,122308:24,122307:28,11:50000"
101910,1019,10,0,0,13440,1173,177,673,601,618,0,0,0,0,0,0,0,,,,,0,0,0,0,"122310:24,122309:28,122308:32,11:64000"
102200,1022,0,0,0,0,0,0,0,0,0,0,0,0,0,0,0,0,,,,,,,,,
102201,1022,1,0,0,345,6,33,17,21,40,0,0,0,0,0,0,0,,,,,,,,,"122401:5,11:4000"
102202,1022,2,0,0,712,12,68,35,43,82,0,0,0,0,0,0,0,,,,,,,,,"122402:6,122401:8,11:5000"
102203,1022,3,0,0,1272,22,121,63,76,127,0,0,0,0,0,0,0,,,,,,,,,"122403:6,122402:8,122401:10,11:6000"
102204,1022,4,0,0,2021,35,192,100,121,173,0,0,0,0,0,0,0,,,,,,,,,"122404:8,122403:10,122402:12,11:8000"
102205,1022,5,0,0,2957,51,281,146,177,222,0,0,0,0,0,0,0,,,,,,,,,"122405:8,122404:12,122403:15,11:15000"
102206,1022,6,0,0,4083,70,388,202,245,272,0,0,0,0,0,0,0,,,,,,,,,"122406:10,122405:15,122404:18,11:24000"
102207,1022,7,0,0,5397,92,513,267,324,324,0,0,0,0,0,0,0,,,,,,,,,"122407:12,122406:16,122405:20,11:30000"
102208,1022,8,0,0,6899,118,656,341,414,379,0,0,0,0,0,0,0,,,,,,,,,"122408:16,122407:20,122406:24,11:40000"
102209,1022,9,0,0,8590,147,817,425,515,435,0,0,0,0,0,0,0,,,,,,,,,"122409:20,122408:24,122407:28,11:50000"
102210,1022,10,0,0,10469,179,996,517,628,499,0,0,0,0,0,0,0,,,,,,,,,"122410:24,122409:28,122408:32,11:64000"
201400,2014,0,0,0,0,0,0,0,0,0,0,0,0,0,0,0,0,,,,,,,,,
201401,2014,1,0,0,250,5,38,10,14,54,0,0,0,0,0,0,0,,,,,,,,,"122401:5,11:4000"
201402,2014,2,0,0,516,9,77,21,29,111,0,0,0,0,0,0,0,,,,,,,,,"122402:6,122401:8,11:5000"
201403,2014,3,0,0,921,17,138,37,53,172,0,0,0,0,0,0,0,,,,,,,,,"122403:6,122402:8,122401:10,11:6000"
201404,2014,4,0,0,1464,26,220,59,84,234,0,0,0,0,0,0,0,,,,,,,,,"122404:8,122403:10,122402:12,11:8000"
201405,2014,5,0,0,2142,39,321,86,123,300,0,0,0,0,0,0,0,,,,,,,,,"122405:8,122404:12,122403:15,11:15000"
201406,2014,6,0,0,2957,53,444,119,169,368,0,0,0,0,0,0,0,,,,,,,,,"122406:10,122405:15,122404:18,11:24000"
201407,2014,7,0,0,3909,70,586,157,224,439,0,0,0,0,0,0,0,,,,,,,,,"122407:12,122406:16,122405:20,11:30000"
201408,2014,8,0,0,4997,90,750,200,286,513,0,0,0,0,0,0,0,,,,,,,,,"122408:16,122407:20,122406:24,11:40000"
201409,2014,9,0,0,6222,112,933,250,356,589,0,0,0,0,0,0,0,,,,,,,,,"122409:20,122408:24,122407:28,11:50000"
201410,2014,10,0,0,7583,137,1137,304,434,676,0,0,0,0,0,0,0,,,,,,,,,"122410:24,122409:28,122408:32,11:64000"
201500,2015,0,0,0,0,0,0,0,0,0,0,0,0,0,0,0,0,,,,,,,,,
201501,2015,1,0,0,247,38,5,12,11,54,0,0,0,0,0,0,0,,,,,,,,,"122401:5,11:4000"
201502,2015,2,0,0,508,77,10,25,23,111,0,0,0,0,0,0,0,,,,,,,,,"122402:6,122401:8,11:5000"
201503,2015,3,0,0,908,138,18,45,41,171,0,0,0,0,0,0,0,,,,,,,,,"122403:6,122402:8,122401:10,11:6000"
201504,2015,4,0,0,1443,219,29,72,66,233,0,0,0,0,0,0,0,,,,,,,,,"122404:8,122403:10,122402:12,11:8000"
201505,2015,5,0,0,2112,321,42,105,96,298,0,0,0,0,0,0,0,,,,,,,,,"122405:8,122404:12,122403:15,11:15000"
201506,2015,6,0,0,2915,443,58,145,133,366,0,0,0,0,0,0,0,,,,,,,,,"122406:10,122405:15,122404:18,11:24000"
201507,2015,7,0,0,3853,586,77,192,176,437,0,0,0,0,0,0,0,,,,,,,,,"122407:12,122406:16,122405:20,11:30000"
201508,2015,8,0,0,4926,749,99,245,225,510,0,0,0,0,0,0,0,,,,,,,,,"122408:16,122407:20,122406:24,11:40000"
201509,2015,9,0,0,6133,933,123,305,280,586,0,0,0,0,0,0,0,,,,,,,,,"122409:20,122408:24,122407:28,11:50000"
201510,2015,10,0,0,7475,1137,150,372,341,672,0,0,0,0,0,0,0,,,,,,,,,"122410:24,122409:28,122408:32,11:64000"
102100,1021,0,0,0,0,0,0,0,0,0,0,0,0,0,0,0,0,,,,,,,,,
102101,1021,1,0,0,342,6,34,17,21,37,0,0,0,0,0,0,0,,,,,,,,,"122401:5,11:4000"
102102,1021,2,0,0,705,12,70,35,42,77,0,0,0,0,0,0,0,,,,,,,,,"122402:6,122401:8,11:5000"
102103,1021,3,0,0,1260,21,125,63,76,118,0,0,0,0,0,0,0,,,,,,,,,"122403:6,122402:8,122401:10,11:6000"
102104,1021,4,0,0,2001,34,198,100,120,162,0,0,0,0,0,0,0,,,,,,,,,"122404:8,122403:10,122402:12,11:8000"
102105,1021,5,0,0,2929,49,290,146,176,207,0,0,0,0,0,0,0,,,,,,,,,"122405:8,122404:12,122403:15,11:15000"
102106,1021,6,0,0,4043,68,400,202,243,254,0,0,0,0,0,0,0,,,,,,,,,"122406:10,122405:15,122404:18,11:24000"
102107,1021,7,0,0,5344,89,529,267,321,303,0,0,0,0,0,0,0,,,,,,,,,"122407:12,122406:16,122405:20,11:30000"
102108,1021,8,0,0,6832,114,677,341,410,353,0,0,0,0,0,0,0,,,,,,,,,"122408:16,122407:20,122406:24,11:40000"
102109,1021,9,0,0,8506,142,842,425,510,406,0,0,0,0,0,0,0,,,,,,,,,"122409:20,122408:24,122407:28,11:50000"
102110,1021,10,0,0,10367,174,1027,517,622,466,0,0,0,0,0,0,0,,,,,,,,,"122410:24,122409:28,122408:32,11:64000"
101100,1011,0,0,0,0,0,0,0,0,0,0,0,0,0,0,0,0,,,,,,,,,
101101,1011,1,0,0,367,41,6,16,17,94,0,0,0,0,0,0,0,,,,,,,,,"122301:5,11:4000"
101102,1011,2,0,0,755,85,12,33,34,194,0,0,0,0,0,0,0,,,,,,,,,"122302:6,122301:8,11:5000"
101103,1011,3,0,0,1350,151,21,59,62,298,0,0,0,0,0,0,0,,,,,,,,,"122303:6,122302:8,122301:10,11:6000"
101104,1011,4,0,0,2144,241,33,94,98,407,0,0,0,0,0,0,0,,,,,,,,,"122304:8,122303:10,122302:12,11:8000"
101105,1011,5,0,0,3138,352,49,138,143,521,0,0,0,0,0,0,0,,,,,,,,,"122305:8,122304:12,122303:15,11:15000"
101106,1011,6,0,0,4332,486,68,191,198,640,0,0,0,0,0,0,0,,,,,,,,,"122306:10,122305:15,122304:18,11:24000"
101107,1011,7,0,0,5726,643,89,252,261,763,0,0,0,0,0,0,0,,,,,,,,,"122307:12,122306:16,122305:20,11:30000"
101108,1011,8,0,0,7320,821,114,322,334,891,0,0,0,0,0,0,0,,,,,,,,,"122308:16,122307:20,122306:24,11:40000"
101109,1011,9,0,0,9114,1023,142,401,416,1024,0,0,0,0,0,0,0,,,,,,,,,"122309:20,122308:24,122307:28,11:50000"
101110,1011,10,0,0,11108,1247,173,489,507,1174,0,0,0,0,0,0,0,,,,,,,,,"122310:24,122309:28,122308:32,11:64000"
