id,dropGroup,dropMode,dropType,dropCount
int,int,int,int,int
50001,50001,0,1,1
50002,50002,0,1,1
50003,50003,0,1,1
50004,50004,0,1,1
50005,50005,0,1,1
50006,50006,0,1,1
50007,50007,0,1,1
50008,50008,0,1,1
50009,50009,0,1,1
6000001,6000001,0,2,1
910309011,910309011,0,1,1
910309012,910309012,0,1,1
910309013,910309013,0,1,1
1000000,1000000,0,1,1
90001,90001,0,1,1
90002,90002,0,1,1
90003,90003,0,1,1
90004,90004,0,1,1
2010042,2010042,0,1,1
2000000,2000000,0,1,1
10086,10086,0,1,1
51200,51200,0,1,1
51800,51800,0,1,1
52100,52100,0,1,1
9000001,9000001,0,1,2
9000002,9000002,0,1,2
9000003,9000003,0,1,2
9000004,9000004,0,1,2
9000005,9000005,0,1,1
9100001,9100001,0,1,1
9100002,9100002,0,1,1
9100003,9100003,0,1,1
9100004,9100004,0,1,1
9100005,9100005,0,1,1
9100006,9100006,0,1,1
9100007,9100007,0,1,1
9100008,9100008,0,1,1
9100009,9100009,0,1,1
9100010,9100010,0,1,1
1020011,1020011,0,1,1
1020012,1020012,0,1,1
1020051,1020051,0,1,5
1030011,1030011,0,1,1
1030012,1030012,0,1,1
1030013,1030013,0,1,1
1030021,1030021,0,1,2
1030041,1030041,0,1,2
1030042,1030042,0,1,1
1030051,1030051,0,1,6
1040011,1040011,0,1,1
1040012,1040012,0,1,1
1040013,1040013,0,1,1
1040014,1040014,0,1,1
1040021,1040021,0,1,2
1040022,1040022,0,1,2
1040031,1040031,0,1,1
1040041,1040041,0,1,1
1040042,1040042,0,1,2
1040043,1040043,0,1,1
1040044,1040044,0,1,2
1040051,1040051,0,1,6
1050011,1050011,0,1,1
1050012,1050012,0,1,1
1050013,1050013,0,1,1
1050014,1050014,0,1,1
1050021,1050021,0,1,2
1050022,1050022,0,1,2
1050031,1050031,0,1,1
1050041,1050041,0,1,1
1050042,1050042,0,1,2
1050043,1050043,0,1,1
1050044,1050044,0,1,2
1050051,1050051,0,1,6
1060011,1060011,0,1,1
1060012,1060012,0,1,1
1060013,1060013,0,1,1
1060014,1060014,0,1,1
1060015,1060015,0,1,1
1060021,1060021,0,1,2
1060022,1060022,0,1,2
1060023,1060023,0,1,2
1060031,1060031,0,1,1
1060041,1060041,0,1,1
1060042,1060042,0,1,2
1060043,1060043,0,1,1
1060044,1060044,0,1,2
1060051,1060051,0,1,5
1070011,1070011,0,1,1
1070012,1070012,0,1,1
1070013,1070013,0,1,1
1070014,1070014,0,1,1
1070015,1070015,0,1,1
1070021,1070021,0,1,2
1070022,1070022,0,1,2
1070023,1070023,0,1,2
1070031,1070031,0,1,1
1070041,1070041,0,1,1
1070042,1070042,0,1,2
1070043,1070043,0,1,1
1070044,1070044,0,1,2
1070051,1070051,0,1,5
1080011,1080011,0,1,1
1080012,1080012,0,1,1
1080013,1080013,0,1,1
1080014,1080014,0,1,1
1080015,1080015,0,1,1
1080021,1080021,0,1,2
1080022,1080022,0,1,2
1080023,1080023,0,1,2
1080031,1080031,0,1,1
1080041,1080041,0,1,1
1080042,1080042,0,1,2
1080043,1080043,0,1,1
1080044,1080044,0,1,2
1080051,1080051,0,1,4
1090011,1090011,0,1,1
1090012,1090012,0,1,1
1090013,1090013,0,1,1
1090014,1090014,0,1,1
1090015,1090015,0,1,1
1090021,1090021,0,1,2
1090022,1090022,0,1,2
1090023,1090023,0,1,2
1090031,1090031,0,1,1
1090041,1090041,0,1,1
1090042,1090042,0,1,2
1090043,1090043,0,1,1
1090044,1090044,0,1,2
1090051,1090051,0,1,4
1100011,1100011,0,1,1
1100012,1100012,0,1,1
1100013,1100013,0,1,1
1100014,1100014,0,1,1
1100015,1100015,0,1,1
1100021,1100021,0,1,2
1100022,1100022,0,1,2
1100023,1100023,0,1,2
1100031,1100031,0,1,1
1100041,1100041,0,1,1
1100042,1100042,0,1,2
1100043,1100043,0,1,1
1100044,1100044,0,1,2
1100051,1100051,0,1,4
1110011,1110011,0,1,1
1110012,1110012,0,1,1
1110013,1110013,0,1,1
1110014,1110014,0,1,1
1110015,1110015,0,1,1
1110021,1110021,0,1,2
1110022,1110022,0,1,2
1110023,1110023,0,1,2
1110024,1110024,0,1,2
1110031,1110031,0,1,1
1110032,1110032,0,1,1
1110041,1110041,0,1,1
1110042,1110042,0,1,2
1110043,1110043,0,1,1
1110044,1110044,0,1,2
1110045,1110045,0,1,1
1110046,1110046,0,1,2
1110051,1110051,0,1,4
1120011,1120011,0,1,1
1120012,1120012,0,1,1
1120013,1120013,0,1,1
1120014,1120014,0,1,1
1120015,1120015,0,1,1
1120021,1120021,0,1,2
1120022,1120022,0,1,2
1120023,1120023,0,1,2
1120024,1120024,0,1,2
1120031,1120031,0,1,1
1120032,1120032,0,1,1
1120041,1120041,0,1,1
1120042,1120042,0,1,2
1120043,1120043,0,1,1
1120044,1120044,0,1,2
1120045,1120045,0,1,1
1120046,1120046,0,1,2
1120051,1120051,0,1,4
200000,200000,0,1,1
200001,200001,0,1,1
2000011,2000011,0,1,2
2000012,2000012,0,1,2
2000013,2000013,0,1,2
2000021,2000021,0,1,2
2000022,2000022,0,1,2
2000023,2000023,0,1,2
2000031,2000031,0,1,2
2000032,2000032,0,1,2
2000033,2000033,0,1,2
2000041,2000041,0,1,2
2000042,2000042,0,1,2
2000043,2000043,0,1,2
2000051,2000051,0,1,2
2000052,2000052,0,1,2
2000053,2000053,0,1,2
2000061,2000061,0,1,2
2000062,2000062,0,1,2
2000063,2000063,0,1,2
2000071,2000071,0,1,2
2000072,2000072,0,1,2
2000073,2000073,0,1,2
2000081,2000081,0,1,2
2000082,2000082,0,1,2
2000083,2000083,0,1,2
2000091,2000091,0,1,2
2000092,2000092,0,1,2
2000093,2000093,0,1,2
2000101,2000101,0,1,2
2000102,2000102,0,1,2
2000103,2000103,0,1,2
2000111,2000111,0,1,2
2000112,2000112,0,1,2
2000113,2000113,0,1,2
2000121,2000121,0,1,2
2000122,2000122,0,1,2
2000123,2000123,0,1,2
2000131,2000131,0,1,2
2000132,2000132,0,1,2
2000133,2000133,0,1,2
2000141,2000141,0,1,2
2000142,2000142,0,1,2
2000143,2000143,0,1,2
2000151,2000151,0,1,2
2000152,2000152,0,1,2
2000153,2000153,0,1,2
2000161,2000161,0,1,2
2000162,2000162,0,1,2
2000163,2000163,0,1,2
2000171,2000171,0,1,2
2000172,2000172,0,1,2
2000173,2000173,0,1,2
2000181,2000181,0,1,2
2000182,2000182,0,1,2
2000183,2000183,0,1,2
3001011,3001011,0,1,2
3002011,3002011,0,1,2
3003011,3003011,0,1,2
3004011,3004011,0,1,2
3005011,3005011,0,1,4
3006011,3006011,0,1,2
3007011,3007011,0,1,2
3008011,3008011,0,1,2
3009011,3009011,0,1,2
3010011,3010011,0,1,4
3011011,3011011,0,1,2
3012011,3012011,0,1,2
3013011,3013011,0,1,2
3014011,3014011,0,1,2
3015011,3015011,0,1,4
3016011,3016011,0,1,2
3017011,3017011,0,1,2
3018011,3018011,0,1,2
3019011,3019011,0,1,2
3020011,3020011,0,1,4
3021011,3021011,0,1,2
3022011,3022011,0,1,2
3023011,3023011,0,1,2
3024011,3024011,0,1,2
3025011,3025011,0,1,4
3026011,3026011,0,1,2
3027011,3027011,0,1,2
3028011,3028011,0,1,2
3029011,3029011,0,1,2
3030011,3030011,0,1,4
3031011,3031011,0,1,2
3032011,3032011,0,1,2
3033011,3033011,0,1,2
3034011,3034011,0,1,2
3035011,3035011,0,1,4
3036011,3036011,0,1,2
3037011,3037011,0,1,2
3038011,3038011,0,1,2
3039011,3039011,0,1,2
3040011,3040011,0,1,4
3041011,3041011,0,1,2
3042011,3042011,0,1,2
3043011,3043011,0,1,2
3044011,3044011,0,1,2
3045011,3045011,0,1,4
3046011,3046011,0,1,2
3047011,3047011,0,1,2
3048011,3048011,0,1,2
3049011,3049011,0,1,2
3050011,3050011,0,1,4
5000101,5000101,0,1,7
5000102,5000102,0,1,7
5000103,5000103,0,1,7
5000104,5000104,0,1,7
5000105,5000105,0,1,7
5000106,5000106,0,1,7
3001001,3001001,0,1,1
3002001,3002001,0,1,1
3003001,3003001,0,1,1
3004001,3004001,0,1,1
3005001,3005001,0,1,2
3006001,3006001,0,1,1
3007001,3007001,0,1,1
3008001,3008001,0,1,1
3009001,3009001,0,1,1
3010001,3010001,0,1,2
3011001,3011001,0,1,1
3012001,3012001,0,1,1
3013001,3013001,0,1,1
3014001,3014001,0,1,1
3015001,3015001,0,1,2
3016001,3016001,0,1,1
3017001,3017001,0,1,1
3018001,3018001,0,1,1
3019001,3019001,0,1,1
3020001,3020001,0,1,2
3021001,3021001,0,1,1
3022001,3022001,0,1,1
3023001,3023001,0,1,1
3024001,3024001,0,1,1
3025001,3025001,0,1,2
3026001,3026001,0,1,1
3027001,3027001,0,1,1
3028001,3028001,0,1,1
3029001,3029001,0,1,1
3030001,3030001,0,1,2
3031001,3031001,0,1,1
3032001,3032001,0,1,1
3033001,3033001,0,1,1
3034001,3034001,0,1,1
3035001,3035001,0,1,2
3036001,3036001,0,1,1
3037001,3037001,0,1,1
3038001,3038001,0,1,1
3039001,3039001,0,1,1
3040001,3040001,0,1,2
3041001,3041001,0,1,1
3042001,3042001,0,1,1
3043001,3043001,0,1,1
3044001,3044001,0,1,1
3045001,3045001,0,1,2
3046001,3046001,0,1,1
3047001,3047001,0,1,1
3048001,3048001,0,1,1
3049001,3049001,0,1,1
3050001,3050001,0,1,2
4011001,4011001,0,1,1
4000001,4000001,0,1,3
4000002,4000002,0,1,2
4000003,4000003,0,1,3
4000004,4000004,0,1,2
4000005,4000005,0,1,3
4000006,4000006,0,1,3
4000007,4000007,0,1,3
4015011,4015011,0,1,3
4015021,4015021,0,1,3
4015031,4015031,0,1,3
4015041,4015041,0,1,3
4015051,4015051,0,1,3
4015061,4015061,0,1,3
4025011,4025011,0,1,3
4025021,4025021,0,1,3
4025031,4025031,0,1,3
4025041,4025041,0,1,3
4025051,4025051,0,1,3
4025061,4025061,0,1,3
4025071,4025071,0,1,3
4025081,4025081,0,1,3
4025091,4025091,0,1,3
4025101,4025101,0,1,3
4025111,4025111,0,1,3
4025121,4025121,0,1,3
4021401,4021401,0,1,1
4021402,4021402,0,1,1
4021403,4021403,0,1,1
4021404,4021404,0,1,1
4021405,4021405,0,1,1
4021501,4021501,0,1,1
4021601,4021601,0,1,1
4021602,4021602,0,1,1
4012101,4012101,0,1,3
4012102,4012102,0,1,3
4022101,4022101,0,1,3
4022102,4022102,0,1,3
4022103,4022103,0,1,3
4022104,4022104,0,1,3
4013101,4013101,0,1,2
4013102,4013102,0,1,2
4013103,4013103,0,1,3
4013104,4013104,0,1,2
4013196,4013196,0,1,3
4013197,4013197,0,1,1
4013198,4013198,0,1,1
4013199,4013199,0,1,1
4013304,4013304,0,1,2
4013305,4013305,0,1,2
4013306,4013306,0,1,2
4013307,4013307,0,1,2
4013308,4013308,0,1,2
4013309,4013309,0,1,2
4013310,4013310,0,1,2
4013301,4013301,0,1,2
4013302,4013302,0,1,2
4013303,4013303,0,1,2
4013395,4013395,0,1,1
4013396,4013396,0,1,1
4013397,4013397,0,1,1
4013398,4013398,0,1,1
4013399,4013399,0,1,1
4023101,4023101,0,1,2
4023102,4023102,0,1,2
4023103,4023103,0,1,2
4023104,4023104,0,1,2
4023105,4023105,0,1,2
4023106,4023106,0,1,2
4023107,4023107,0,1,2
4023108,4023108,0,1,2
4023109,4023109,0,1,2
4023110,4023110,0,1,2
4023198,4023198,0,1,1
4023199,4023199,0,1,1
4023197,4023197,0,1,1
4023196,4023196,0,1,1
4023301,4023301,0,1,2
4023302,4023302,0,1,2
4023303,4023303,0,1,2
4023304,4023304,0,1,2
4023305,4023305,0,1,2
4023306,4023306,0,1,2
4023307,4023307,0,1,2
4023308,4023308,0,1,2
4023309,4023309,0,1,2
4999987,4999987,0,1,1
4999988,4999988,0,1,1
4999989,4999989,0,1,1
4999997,4999997,0,1,1
4999998,4999998,0,1,1
4999999,4999999,0,1,1
5000001,5000001,0,1,1
5000002,5000002,0,1,1
5000003,5000003,0,1,1
5000004,5000004,0,1,1
5000005,5000005,0,1,1
5000006,5000006,0,1,1
5000007,5000007,0,1,1
5000008,5000008,0,1,1
5000009,5000009,0,1,1
5000010,5000010,0,1,1
5000011,5000011,0,1,1
5000012,5000012,0,1,1
5000013,5000013,0,1,1
5000014,5000014,0,1,1
5000015,5000015,0,1,1
5000016,5000016,0,1,1
5000017,5000017,0,1,1
5000018,5000018,0,1,1
5000019,5000019,0,1,1
5000020,5000020,0,1,1
5000021,5000021,0,1,1
5000022,5000022,0,1,1
5000023,5000023,0,1,1
5000024,5000024,0,1,1
5000025,5000025,0,1,1
5000026,5000026,0,1,1
5000027,5000027,0,1,1
5000028,5000028,0,1,1
5000029,5000029,0,1,1
5000030,5000030,0,1,1
5000031,5000031,0,1,1
6010000,6010000,0,2,1
6020000,6020000,0,2,1
6030000,6030000,0,2,1
6030001,6030001,0,2,1
6030002,6030002,0,2,1
6030003,6030003,0,2,1
6030004,6030004,0,2,1
6040000,6040000,0,2,1
6040001,6040001,0,2,1
6040002,6040002,0,2,1
6040003,6040003,0,2,1
6040004,6040004,0,2,1
6050000,6050000,0,2,1
6050001,6050001,0,2,1
6050002,6050002,0,2,1
6050003,6050003,0,2,1
6050004,6050004,0,2,1
6060010,6060010,0,2,1
6060020,6060020,0,2,1
6060030,6060030,0,2,1
6060040,6060040,0,2,1
6060000,6060000,0,2,1
6060001,6060001,0,2,1
6060002,6060002,0,2,1
6060003,6060003,0,2,1
6060004,6060004,0,2,1
6060005,6060005,0,2,1
6060006,6060006,0,2,1
6060007,6060007,0,2,1
6070010,6070010,0,2,1
6070020,6070020,0,2,1
6070030,6070030,0,2,1
6070040,6070040,0,2,1
6070000,6070000,0,2,1
6070001,6070001,0,2,1
6070002,6070002,0,2,1
6070003,6070003,0,2,1
6070004,6070004,0,2,1
6070005,6070005,0,2,1
6070006,6070006,0,2,1
6070007,6070007,0,2,1
6080010,6080010,0,2,1
6080020,6080020,0,2,1
6080030,6080030,0,2,1
6080040,6080040,0,2,1
6080000,6080000,0,2,1
6080001,6080001,0,2,1
6080002,6080002,0,2,1
6080003,6080003,0,2,1
6080004,6080004,0,2,1
6080005,6080005,0,2,1
6080006,6080006,0,2,1
6080007,6080007,0,2,1
6090010,6090010,0,2,1
6090020,6090020,0,2,1
6090030,6090030,0,2,1
6090000,6090000,0,2,1
6090001,6090001,0,2,1
6090002,6090002,0,2,1
6090003,6090003,0,2,1
6090004,6090004,0,2,1
6090005,6090005,0,2,1
6090006,6090006,0,2,1
6090007,6090007,0,2,1
6100000,6100000,0,2,1
6120000,6120000,0,2,1
7000303,7000303,0,1,6
7000409,7000409,0,1,6
70004091,70004091,0,2,1
7000509,7000509,0,1,3
7000612,7000612,0,1,3
7000710,7000710,0,1,3
7000721,7000721,0,1,3
7000819,7000819,0,1,3
7000910,7000910,0,1,4
7000918,7000918,0,1,4
7001020,7001020,0,1,4
7001110,7001110,0,1,3
7001120,7001120,0,1,3
7001211,7001211,0,1,3
7001223,7001223,0,1,3
7001310,7001310,0,1,2
7001322,7001322,0,1,2
7001411,7001411,0,1,2
7001423,7001423,0,1,2
7001509,7001509,0,1,2
7001525,7001525,0,1,2
7001614,7001614,0,1,2
7001623,7001623,0,1,2
7001706,7001706,0,1,2
7001718,7001718,0,1,2
7001728,7001728,0,1,2
7001806,7001806,0,1,2
7001818,7001818,0,1,2
7001826,7001826,0,1,2
9999999,9999999,0,1,5
1,1,0,1,1
3,3,0,2,4
4,4,0,2,4
5,5,0,2,3
6,6,0,1,1
8010111,8010111,0,1,2
8010121,8010121,0,1,2
8010131,8010131,0,1,2
8010141,8010141,0,1,2
8010211,8010211,0,1,2
8010221,8010221,0,1,2
8010231,8010231,0,1,2
8010311,8010311,0,1,2
8010321,8010321,0,1,2
8010331,8010331,0,1,2
8010411,8010411,0,1,2
8010421,8010421,0,1,2
8010431,8010431,0,1,2
8010511,8010511,0,1,2
8010521,8010521,0,1,2
8010531,8010531,0,1,2
8010541,8010541,0,1,2
8010611,8010611,0,1,2
8010621,8010621,0,1,2
8010631,8010631,0,1,2
8010641,8010641,0,1,2
8010711,8010711,0,1,2
8010721,8010721,0,1,2
8010731,8010731,0,1,2
8010741,8010741,0,1,2
8010811,8010811,0,1,2
8010821,8010821,0,1,2
8010831,8010831,0,1,2
8010841,8010841,0,1,2
8010911,8010911,0,1,2
8010921,8010921,0,1,2
8010931,8010931,0,1,2
8010941,8010941,0,1,2
8011011,8011011,0,1,2
8011021,8011021,0,1,2
8011031,8011031,0,1,2
8011041,8011041,0,1,2
8011111,8011111,0,1,2
8011121,8011121,0,1,2
8011131,8011131,0,1,2
8011141,8011141,0,1,2
8011211,8011211,0,1,2
8011221,8011221,0,1,2
8011231,8011231,0,1,2
8011241,8011241,0,1,2
8011311,8011311,0,1,2
8011321,8011321,0,1,2
8011331,8011331,0,1,2
8011341,8011341,0,1,2
8011411,8011411,0,1,2
8011421,8011421,0,1,2
8011431,8011431,0,1,2
8011441,8011441,0,1,2
8011511,8011511,0,1,2
8011521,8011521,0,1,2
8011531,8011531,0,1,2
8011541,8011541,0,1,2
8011611,8011611,0,1,2
8011621,8011621,0,1,2
8011631,8011631,0,1,2
8011641,8011641,0,1,2
8011711,8011711,0,1,2
8011721,8011721,0,1,2
8011731,8011731,0,1,2
8011741,8011741,0,1,2
8011811,8011811,0,1,2
8011821,8011821,0,1,2
8011831,8011831,0,1,2
8011841,8011841,0,1,2
8040111,8040111,0,1,2
8040121,8040121,0,1,2
8040131,8040131,0,1,2
8040141,8040141,0,1,2
8040211,8040211,0,1,2
8040221,8040221,0,1,2
8040231,8040231,0,1,2
8040311,8040311,0,1,2
8040321,8040321,0,1,2
8040331,8040331,0,1,2
8040411,8040411,0,1,2
8040421,8040421,0,1,2
8040431,8040431,0,1,2
8040511,8040511,0,1,2
8040521,8040521,0,1,2
8040531,8040531,0,1,2
8040541,8040541,0,1,2
8040611,8040611,0,1,2
8040621,8040621,0,1,2
8040631,8040631,0,1,2
8040641,8040641,0,1,2
8040711,8040711,0,1,2
8040721,8040721,0,1,2
8040731,8040731,0,1,2
8040741,8040741,0,1,2
8040811,8040811,0,1,2
8040821,8040821,0,1,2
8040831,8040831,0,1,2
8040841,8040841,0,1,2
8040911,8040911,0,1,2
8040921,8040921,0,1,2
8040931,8040931,0,1,2
8040941,8040941,0,1,2
8041011,8041011,0,1,2
8041021,8041021,0,1,2
8041031,8041031,0,1,2
8041041,8041041,0,1,2
8041111,8041111,0,1,2
8041121,8041121,0,1,2
8041131,8041131,0,1,2
8041141,8041141,0,1,2
8041211,8041211,0,1,2
8041221,8041221,0,1,2
8041231,8041231,0,1,2
8041241,8041241,0,1,2
8041311,8041311,0,1,2
8041321,8041321,0,1,2
8041331,8041331,0,1,2
8041341,8041341,0,1,2
8041411,8041411,0,1,2
8041421,8041421,0,1,2
8041431,8041431,0,1,2
8041441,8041441,0,1,2
8041511,8041511,0,1,2
8041521,8041521,0,1,2
8041531,8041531,0,1,2
8041541,8041541,0,1,2
8041611,8041611,0,1,2
8041621,8041621,0,1,2
8041631,8041631,0,1,2
8041641,8041641,0,1,2
8041711,8041711,0,1,2
8041721,8041721,0,1,2
8041731,8041731,0,1,2
8041741,8041741,0,1,2
8041811,8041811,0,1,2
8041821,8041821,0,1,2
8041831,8041831,0,1,2
8041841,8041841,0,1,2
1040061,1040061,0,1,4
1040062,1040062,0,1,4
1050061,1050061,0,1,4
1050062,1050062,0,1,5
1060061,1060061,0,1,4
1060062,1060062,0,1,4
1060063,1060063,0,1,4
1070061,1070061,0,1,2
1070062,1070062,0,1,2
1070063,1070063,0,1,2
1070064,1070064,0,1,2
1070065,1070065,0,1,2
71621001,71621001,0,1,1
71622001,71622001,0,1,1
71623001,71623001,0,1,1
71624001,71624001,0,1,1
71631001,71631001,0,2,1
71632001,71632001,0,2,1
71633001,71633001,0,2,1
71634001,71634001,0,2,1
71641001,71641001,0,2,1
71642001,71642001,0,2,1
71643001,71643001,0,2,1
71644001,71644001,0,2,1
6010101,6010101,0,1,1
6010102,6010102,0,1,1
6010103,6010103,0,1,1
6010104,6010104,0,1,1
6010105,6010105,0,1,1
6110101,6110101,0,1,1
6110102,6110102,0,1,1
6110103,6110103,0,1,1
6110104,6110104,0,1,1
6110105,6110105,0,1,1
6110106,6110106,0,1,1
6110107,6110107,0,1,1
6110108,6110108,0,1,1
6110109,6110109,0,1,1
6110110,6110110,0,1,1
6110111,6110111,0,1,1
6110112,6110112,0,1,1
6110113,6110113,0,1,1
6110114,6110114,0,1,1
6110115,6110115,0,1,1
6110116,6110116,0,1,1
6110117,6110117,0,1,1
6110118,6110118,0,1,1
6110119,6110119,0,1,1
6110120,6110120,0,1,1
6110121,6110121,0,1,1
6110122,6110122,0,1,1
6110123,6110123,0,1,1
6110124,6110124,0,1,1
6110125,6110125,0,1,1
6110126,6110126,0,1,1
6110127,6110127,0,1,1
6110128,6110128,0,1,1
6110129,6110129,0,1,1
6110130,6110130,0,1,1
6110131,6110131,0,1,1
6110132,6110132,0,1,1
6110133,6110133,0,1,1
6110134,6110134,0,1,1
6110135,6110135,0,1,1
6020101,6020101,0,1,2
6020102,6020102,0,1,2
6020103,6020103,0,1,2
6020104,6020104,0,1,2
6020105,6020105,0,1,2
6020106,6020106,0,1,2
6020107,6020107,0,1,2
6020108,6020108,0,1,2
6020109,6020109,0,1,2
6020110,6020110,0,1,2
6020111,6020111,0,1,2
6020112,6020112,0,1,2
6020113,6020113,0,1,2
6020114,6020114,0,1,2
6020115,6020115,0,1,2
6020116,6020116,0,1,2
6020117,6020117,0,1,2
6020118,6020118,0,1,2
6020119,6020119,0,1,2
6020120,6020120,0,1,2
6030101,6030101,0,1,2
6030102,6030102,0,1,2
6030103,6030103,0,1,2
6030104,6030104,0,1,2
6030105,6030105,0,1,2
6030106,6030106,0,1,2
6030107,6030107,0,1,2
6030108,6030108,0,1,2
6030109,6030109,0,1,2
6030110,6030110,0,1,2
6030111,6030111,0,1,2
6030112,6030112,0,1,2
6030113,6030113,0,1,2
6030114,6030114,0,1,2
6030115,6030115,0,1,2
6030116,6030116,0,1,2
6030117,6030117,0,1,2
6030118,6030118,0,1,2
6030119,6030119,0,1,2
6030120,6030120,0,1,2
6040101,6040101,0,1,2
6040102,6040102,0,1,2
6040103,6040103,0,1,2
6040104,6040104,0,1,2
6040105,6040105,0,1,2
6040106,6040106,0,1,2
6040107,6040107,0,1,2
6040108,6040108,0,1,2
6040109,6040109,0,1,2
6040110,6040110,0,1,2
6040111,6040111,0,1,2
6040112,6040112,0,1,2
6040113,6040113,0,1,2
6040114,6040114,0,1,2
6040115,6040115,0,1,2
6040116,6040116,0,1,2
6050101,6050101,0,1,2
6050102,6050102,0,1,2
6050103,6050103,0,1,2
6050104,6050104,0,1,2
6050105,6050105,0,1,2
6050106,6050106,0,1,2
6050107,6050107,0,1,2
6050108,6050108,0,1,2
6050109,6050109,0,1,2
6050110,6050110,0,1,2
6050111,6050111,0,1,2
6050112,6050112,0,1,2
6050113,6050113,0,1,2
6050114,6050114,0,1,2
6050115,6050115,0,1,2
6050116,6050116,0,1,2
6060101,6060101,0,1,2
6060102,6060102,0,1,2
6060103,6060103,0,1,2
6060104,6060104,0,1,2
6060105,6060105,0,1,2
6060106,6060106,0,1,2
6060107,6060107,0,1,2
6060108,6060108,0,1,3
6060109,6060109,0,1,3
6060110,6060110,0,1,3
6060111,6060111,0,1,3
6060112,6060112,0,1,3
6060113,6060113,0,1,3
6060114,6060114,0,1,3
6060115,6060115,0,1,3
6070101,6070101,0,1,2
6070102,6070102,0,1,2
6070103,6070103,0,1,2
6070104,6070104,0,1,2
6070105,6070105,0,1,2
6070106,6070106,0,1,2
6070107,6070107,0,1,2
6070108,6070108,0,1,3
6070109,6070109,0,1,3
6070110,6070110,0,1,3
6070111,6070111,0,1,3
6070112,6070112,0,1,3
6070113,6070113,0,1,3
6070114,6070114,0,1,3
6070115,6070115,0,1,3
6080101,6080101,0,1,2
6080102,6080102,0,1,2
6080103,6080103,0,1,2
6080104,6080104,0,1,2
6080105,6080105,0,1,2
6080106,6080106,0,1,2
6080107,6080107,0,1,2
6080108,6080108,0,1,3
6080109,6080109,0,1,3
6080110,6080110,0,1,3
6080111,6080111,0,1,3
6080112,6080112,0,1,3
6080113,6080113,0,1,3
6080114,6080114,0,1,3
6080115,6080115,0,1,3
6090101,6090101,0,1,2
6090102,6090102,0,1,2
6090103,6090103,0,1,2
6090104,6090104,0,1,2
6090105,6090105,0,1,2
6090106,6090106,0,1,2
6090107,6090107,0,1,2
6090108,6090108,0,1,2
6090109,6090109,0,1,2
6090110,6090110,0,1,2
6090111,6090111,0,1,2
6090112,6090112,0,1,2
6090113,6090113,0,1,2
6090114,6090114,0,1,2
6090115,6090115,0,1,2
6100101,6100101,0,1,2
6100102,6100102,0,1,2
6100103,6100103,0,1,2
6100104,6100104,0,1,2
6100105,6100105,0,1,2
6100106,6100106,0,1,2
6100107,6100107,0,1,2
6100108,6100108,0,1,2
6100109,6100109,0,1,2
6100110,6100110,0,1,2
6100111,6100111,0,1,2
6100112,6100112,0,1,2
6100113,6100113,0,1,2
6100114,6100114,0,1,2
6100115,6100115,0,1,2
6120101,6120101,0,1,2
6120102,6120102,0,1,2
6120103,6120103,0,1,2
6120104,6120104,0,1,2
6120105,6120105,0,1,2
6120106,6120106,0,1,2
6120107,6120107,0,1,2
6120108,6120108,0,1,2
6030201,6030201,0,1,2
6030202,6030202,0,1,2
6030203,6030203,0,1,2
6030204,6030204,0,1,2
6040201,6040201,0,1,2
6040202,6040202,0,1,2
6040203,6040203,0,1,2
6040204,6040204,0,1,2
6050201,6050201,0,1,2
6050202,6050202,0,1,2
6050203,6050203,0,1,2
6050204,6050204,0,1,2
6060201,6060201,0,1,2
6060202,6060202,0,1,3
6060203,6060203,0,1,2
6060204,6060204,0,1,2
6060205,6060205,0,1,2
6060206,6060206,0,1,2
6060207,6060207,0,1,3
6070201,6070201,0,1,2
6070202,6070202,0,1,3
6070203,6070203,0,1,2
6070204,6070204,0,1,2
6070205,6070205,0,1,2
6070206,6070206,0,1,2
6070207,6070207,0,1,3
6080201,6080201,0,1,2
6080202,6080202,0,1,3
6080203,6080203,0,1,2
6080204,6080204,0,1,2
6080205,6080205,0,1,2
6080206,6080206,0,1,2
6080207,6080207,0,1,3
6090201,6090201,0,1,2
6090202,6090202,0,1,3
6090203,6090203,0,1,2
6090204,6090204,0,1,2
6090205,6090205,0,1,2
6090206,6090206,0,1,2
6090207,6090207,0,1,3
91010101,91010101,0,1,4
91010201,91010201,0,1,4
91010301,91010301,0,1,4
91010401,91010401,0,1,4
91010501,91010501,0,1,4
91010601,91010601,0,1,4
91010701,91010701,0,1,4
91010801,91010801,0,1,4
91010901,91010901,0,1,4
91011001,91011001,0,1,4
91011101,91011101,0,1,4
91011201,91011201,0,1,4
91011301,91011301,0,1,4
91011401,91011401,0,1,4
91011501,91011501,0,1,4
91011601,91011601,0,1,4
91011701,91011701,0,1,4
91011801,91011801,0,1,4
91011901,91011901,0,1,4
91012001,91012001,0,1,4
91012101,91012101,0,1,4
91012201,91012201,0,1,4
91012301,91012301,0,1,4
91012401,91012401,0,1,4
91012501,91012501,0,1,4
91012601,91012601,0,1,4
91012701,91012701,0,1,4
91012801,91012801,0,1,4
91012901,91012901,0,1,4
91013001,91013001,0,1,4
91013101,91013101,0,1,4
91013201,91013201,0,1,4
91013301,91013301,0,1,4
91013401,91013401,0,1,4
91013501,91013501,0,1,4
91013601,91013601,0,1,4
91013701,91013701,0,1,4
91013801,91013801,0,1,4
91013901,91013901,0,1,4
91014001,91014001,0,1,4
91014101,91014101,0,1,4
91014201,91014201,0,1,4
91014301,91014301,0,1,4
91014401,91014401,0,1,4
91014501,91014501,0,1,4
91014601,91014601,0,1,4
91014701,91014701,0,1,4
91014801,91014801,0,1,4
91014901,91014901,0,1,4
91015001,91015001,0,1,4
91015101,91015101,0,1,4
91015201,91015201,0,1,4
91015301,91015301,0,1,4
91015401,91015401,0,1,4
91015501,91015501,0,1,4
91015601,91015601,0,1,4
91015701,91015701,0,1,4
91015801,91015801,0,1,4
91015901,91015901,0,1,4
91016001,91016001,0,1,4
91016101,91016101,0,1,4
91016201,91016201,0,1,4
91016301,91016301,0,1,4
91016401,91016401,0,1,4
91016501,91016501,0,1,4
91016601,91016601,0,1,4
91016701,91016701,0,1,4
91016801,91016801,0,1,4
91016901,91016901,0,1,4
91017001,91017001,0,1,4
91017101,91017101,0,1,4
91017201,91017201,0,1,4
91017301,91017301,0,1,4
91017401,91017401,0,1,4
91017501,91017501,0,1,4
91017601,91017601,0,1,4
91017701,91017701,0,1,4
91017801,91017801,0,1,4
91017901,91017901,0,1,4
91018001,91018001,0,1,4
92010101,92010101,0,1,4
92010201,92010201,0,1,4
92010301,92010301,0,1,4
92010401,92010401,0,1,4
92010501,92010501,0,1,5
92010601,92010601,0,1,4
92010701,92010701,0,1,4
92010801,92010801,0,1,4
92010901,92010901,0,1,4
92011001,92011001,0,1,5
92011101,92011101,0,1,4
92011201,92011201,0,1,4
92011301,92011301,0,1,4
92011401,92011401,0,1,4
92011501,92011501,0,1,5
92011601,92011601,0,1,4
92011701,92011701,0,1,4
92011801,92011801,0,1,4
92011901,92011901,0,1,4
92012001,92012001,0,1,5
92012101,92012101,0,1,4
92012201,92012201,0,1,4
92012301,92012301,0,1,4
92012401,92012401,0,1,4
92012501,92012501,0,1,5
92012601,92012601,0,1,4
92012701,92012701,0,1,4
92012801,92012801,0,1,4
92012901,92012901,0,1,4
92013001,92013001,0,1,5
92013101,92013101,0,1,4
92013201,92013201,0,1,4
92013301,92013301,0,1,4
92013401,92013401,0,1,4
92013501,92013501,0,1,5
92013601,92013601,0,1,4
92013701,92013701,0,1,4
92013801,92013801,0,1,4
92013901,92013901,0,1,4
92014001,92014001,0,1,5
92014101,92014101,0,1,4
92014201,92014201,0,1,4
92014301,92014301,0,1,4
92014401,92014401,0,1,4
92014501,92014501,0,1,5
92014601,92014601,0,1,4
92014701,92014701,0,1,4
92014801,92014801,0,1,4
92014901,92014901,0,1,4
92015001,92015001,0,1,5
92015101,92015101,0,1,4
92015201,92015201,0,1,4
92015301,92015301,0,1,4
92015401,92015401,0,1,4
92015501,92015501,0,1,5
92015601,92015601,0,1,4
92015701,92015701,0,1,4
92015801,92015801,0,1,4
92015901,92015901,0,1,4
92016001,92016001,0,1,5
92016101,92016101,0,1,4
92016201,92016201,0,1,4
92016301,92016301,0,1,4
92016401,92016401,0,1,4
92016501,92016501,0,1,5
92016601,92016601,0,1,4
92016701,92016701,0,1,4
92016801,92016801,0,1,4
92016901,92016901,0,1,4
92017001,92017001,0,1,5
92017101,92017101,0,1,4
92017201,92017201,0,1,4
92017301,92017301,0,1,4
92017401,92017401,0,1,4
92017501,92017501,0,1,5
92017601,92017601,0,1,4
92017701,92017701,0,1,4
92017801,92017801,0,1,4
92017901,92017901,0,1,4
92018001,92018001,0,1,5
93010101,93010101,0,1,4
93010201,93010201,0,1,4
93010301,93010301,0,1,4
93010401,93010401,0,1,4
93010501,93010501,0,1,5
93010601,93010601,0,1,4
93010701,93010701,0,1,4
93010801,93010801,0,1,4
93010901,93010901,0,1,4
93011001,93011001,0,1,5
93011101,93011101,0,1,4
93011201,93011201,0,1,4
93011301,93011301,0,1,4
93011401,93011401,0,1,4
93011501,93011501,0,1,5
93011601,93011601,0,1,4
93011701,93011701,0,1,4
93011801,93011801,0,1,4
93011901,93011901,0,1,4
93012001,93012001,0,1,5
93012101,93012101,0,1,4
93012201,93012201,0,1,4
93012301,93012301,0,1,4
93012401,93012401,0,1,4
93012501,93012501,0,1,5
93012601,93012601,0,1,4
93012701,93012701,0,1,4
93012801,93012801,0,1,4
93012901,93012901,0,1,4
93013001,93013001,0,1,5
93013101,93013101,0,1,4
93013201,93013201,0,1,4
93013301,93013301,0,1,4
93013401,93013401,0,1,4
93013501,93013501,0,1,5
93013601,93013601,0,1,4
93013701,93013701,0,1,4
93013801,93013801,0,1,4
93013901,93013901,0,1,4
93014001,93014001,0,1,5
93014101,93014101,0,1,4
93014201,93014201,0,1,4
93014301,93014301,0,1,4
93014401,93014401,0,1,4
93014501,93014501,0,1,5
93014601,93014601,0,1,4
93014701,93014701,0,1,4
93014801,93014801,0,1,4
93014901,93014901,0,1,4
93015001,93015001,0,1,5
93015101,93015101,0,1,4
93015201,93015201,0,1,4
93015301,93015301,0,1,4
93015401,93015401,0,1,4
93015501,93015501,0,1,5
93015601,93015601,0,1,4
93015701,93015701,0,1,4
93015801,93015801,0,1,4
93015901,93015901,0,1,4
93016001,93016001,0,1,5
93016101,93016101,0,1,4
93016201,93016201,0,1,4
93016301,93016301,0,1,4
93016401,93016401,0,1,4
93016501,93016501,0,1,5
93016601,93016601,0,1,4
93016701,93016701,0,1,4
93016801,93016801,0,1,4
93016901,93016901,0,1,4
93017001,93017001,0,1,5
93017101,93017101,0,1,4
93017201,93017201,0,1,4
93017301,93017301,0,1,4
93017401,93017401,0,1,4
93017501,93017501,0,1,5
93017601,93017601,0,1,4
93017701,93017701,0,1,4
93017801,93017801,0,1,4
93017901,93017901,0,1,4
93018001,93018001,0,1,5
94010101,94010101,0,1,4
94010201,94010201,0,1,4
94010301,94010301,0,1,4
94010401,94010401,0,1,4
94010501,94010501,0,1,5
94010601,94010601,0,1,4
94010701,94010701,0,1,4
94010801,94010801,0,1,4
94010901,94010901,0,1,4
94011001,94011001,0,1,5
94011101,94011101,0,1,4
94011201,94011201,0,1,4
94011301,94011301,0,1,4
94011401,94011401,0,1,4
94011501,94011501,0,1,5
94011601,94011601,0,1,4
94011701,94011701,0,1,4
94011801,94011801,0,1,4
94011901,94011901,0,1,4
94012001,94012001,0,1,5
94012101,94012101,0,1,4
94012201,94012201,0,1,4
94012301,94012301,0,1,4
94012401,94012401,0,1,4
94012501,94012501,0,1,5
94012601,94012601,0,1,4
94012701,94012701,0,1,4
94012801,94012801,0,1,4
94012901,94012901,0,1,4
94013001,94013001,0,1,5
94013101,94013101,0,1,4
94013201,94013201,0,1,4
94013301,94013301,0,1,4
94013401,94013401,0,1,4
94013501,94013501,0,1,5
94013601,94013601,0,1,4
94013701,94013701,0,1,4
94013801,94013801,0,1,4
94013901,94013901,0,1,4
94014001,94014001,0,1,5
94014101,94014101,0,1,4
94014201,94014201,0,1,4
94014301,94014301,0,1,4
94014401,94014401,0,1,4
94014501,94014501,0,1,5
94014601,94014601,0,1,4
94014701,94014701,0,1,4
94014801,94014801,0,1,4
94014901,94014901,0,1,4
94015001,94015001,0,1,5
94015101,94015101,0,1,4
94015201,94015201,0,1,4
94015301,94015301,0,1,4
94015401,94015401,0,1,4
94015501,94015501,0,1,5
94015601,94015601,0,1,4
94015701,94015701,0,1,4
94015801,94015801,0,1,4
94015901,94015901,0,1,4
94016001,94016001,0,1,5
94016101,94016101,0,1,4
94016201,94016201,0,1,4
94016301,94016301,0,1,4
94016401,94016401,0,1,4
94016501,94016501,0,1,5
94016601,94016601,0,1,4
94016701,94016701,0,1,4
94016801,94016801,0,1,4
94016901,94016901,0,1,4
94017001,94017001,0,1,5
94017101,94017101,0,1,4
94017201,94017201,0,1,4
94017301,94017301,0,1,4
94017401,94017401,0,1,4
94017501,94017501,0,1,5
94017601,94017601,0,1,4
94017701,94017701,0,1,4
94017801,94017801,0,1,4
94017901,94017901,0,1,4
94018001,94018001,0,1,5
95010101,95010101,0,1,4
95010201,95010201,0,1,4
95010301,95010301,0,1,4
95010401,95010401,0,1,4
95010501,95010501,0,1,5
95010601,95010601,0,1,4
95010701,95010701,0,1,4
95010801,95010801,0,1,4
95010901,95010901,0,1,4
95011001,95011001,0,1,5
95011101,95011101,0,1,4
95011201,95011201,0,1,4
95011301,95011301,0,1,4
95011401,95011401,0,1,4
95011501,95011501,0,1,5
95011601,95011601,0,1,4
95011701,95011701,0,1,4
95011801,95011801,0,1,4
95011901,95011901,0,1,4
95012001,95012001,0,1,5
95012101,95012101,0,1,4
95012201,95012201,0,1,4
95012301,95012301,0,1,4
95012401,95012401,0,1,4
95012501,95012501,0,1,5
95012601,95012601,0,1,4
95012701,95012701,0,1,4
95012801,95012801,0,1,4
95012901,95012901,0,1,4
95013001,95013001,0,1,5
95013101,95013101,0,1,4
95013201,95013201,0,1,4
95013301,95013301,0,1,4
95013401,95013401,0,1,4
95013501,95013501,0,1,5
95013601,95013601,0,1,4
95013701,95013701,0,1,4
95013801,95013801,0,1,4
95013901,95013901,0,1,4
95014001,95014001,0,1,5
95014101,95014101,0,1,4
95014201,95014201,0,1,4
95014301,95014301,0,1,4
95014401,95014401,0,1,4
95014501,95014501,0,1,5
95014601,95014601,0,1,4
95014701,95014701,0,1,4
95014801,95014801,0,1,4
95014901,95014901,0,1,4
95015001,95015001,0,1,5
95015101,95015101,0,1,4
95015201,95015201,0,1,4
95015301,95015301,0,1,4
95015401,95015401,0,1,4
95015501,95015501,0,1,5
95015601,95015601,0,1,4
95015701,95015701,0,1,4
95015801,95015801,0,1,4
95015901,95015901,0,1,4
95016001,95016001,0,1,5
95016101,95016101,0,1,4
95016201,95016201,0,1,4
95016301,95016301,0,1,4
95016401,95016401,0,1,4
95016501,95016501,0,1,5
95016601,95016601,0,1,4
95016701,95016701,0,1,4
95016801,95016801,0,1,4
95016901,95016901,0,1,4
95017001,95017001,0,1,5
95017101,95017101,0,1,4
95017201,95017201,0,1,4
95017301,95017301,0,1,4
95017401,95017401,0,1,4
95017501,95017501,0,1,5
95017601,95017601,0,1,4
95017701,95017701,0,1,4
95017801,95017801,0,1,4
95017901,95017901,0,1,4
95018001,95018001,0,1,5
9101052,9101052,0,1,1
9101102,9101102,0,1,1
9101152,9101152,0,1,1
9101202,9101202,0,1,1
9101252,9101252,0,1,1
9101302,9101302,0,1,1
9101352,9101352,0,1,1
9101402,9101402,0,1,1
9101452,9101452,0,1,1
9101502,9101502,0,1,1
9201052,9201052,0,1,1
9201102,9201102,0,1,1
9301052,9301052,0,1,1
9301102,9301102,0,1,1
9401052,9401052,0,1,1
9401102,9401102,0,1,1
9501052,9501052,0,1,1
9501102,9501102,0,1,1
2010011,2010011,0,1,3
2010021,2010021,0,1,3
2010031,2010031,0,1,5
2010041,2010041,0,1,3
2010051,2010051,0,1,3
2010061,2010061,0,1,5
2020011,2020011,0,1,3
2020021,2020021,0,1,3
2020031,2020031,0,1,5
2020041,2020041,0,1,3
2020051,2020051,0,1,3
2020061,2020061,0,1,5
2030011,2030011,0,1,2
2030021,2030021,0,1,2
2030031,2030031,0,1,3
2030041,2030041,0,1,2
2030051,2030051,0,1,2
2030061,2030061,0,1,3
2040011,2040011,0,1,3
2040021,2040021,0,1,3
2040031,2040031,0,1,5
2040041,2040041,0,1,3
2040051,2040051,0,1,3
2040061,2040061,0,1,5
2050011,2050011,0,1,2
2050021,2050021,0,1,2
2050031,2050031,0,1,3
2050041,2050041,0,1,2
2050051,2050051,0,1,2
2050061,2050061,0,1,3
2060011,2060011,0,1,3
2060021,2060021,0,1,3
2060031,2060031,0,1,5
2060041,2060041,0,1,3
2060051,2060051,0,1,3
2060061,2060061,0,1,5
2070011,2070011,0,1,2
2070021,2070021,0,1,2
2070031,2070031,0,1,3
2070041,2070041,0,1,2
2070051,2070051,0,1,2
2070061,2070061,0,1,3
2080011,2080011,0,1,2
2080021,2080021,0,1,2
2080031,2080031,0,1,3
2080041,2080041,0,1,2
2080051,2080051,0,1,2
2080061,2080061,0,1,3
2090011,2090011,0,1,2
2090021,2090021,0,1,2
2090031,2090031,0,1,3
2090041,2090041,0,1,2
2090051,2090051,0,1,2
2090061,2090061,0,1,3
2100011,2100011,0,1,3
2100021,2100021,0,1,3
2100031,2100031,0,1,5
2100041,2100041,0,1,3
2100051,2100051,0,1,3
2100061,2100061,0,1,5
2110011,2110011,0,1,2
2110021,2110021,0,1,2
2110031,2110031,0,1,3
2110041,2110041,0,1,2
2110051,2110051,0,1,2
2110061,2110061,0,1,3
2120011,2120011,0,1,2
2120021,2120021,0,1,2
2120031,2120031,0,1,3
2120041,2120041,0,1,2
2120051,2120051,0,1,2
2120061,2120061,0,1,3
2130011,2130011,0,1,2
2130021,2130021,0,1,2
2130031,2130031,0,1,3
2130041,2130041,0,1,2
2130051,2130051,0,1,2
2130061,2130061,0,1,3
2140011,2140011,0,1,3
2140021,2140021,0,1,3
2140031,2140031,0,1,5
2140041,2140041,0,1,3
2140051,2140051,0,1,3
2140061,2140061,0,1,5
2150011,2150011,0,1,2
2150021,2150021,0,1,2
2150031,2150031,0,1,3
2150041,2150041,0,1,2
2150051,2150051,0,1,2
2150061,2150061,0,1,3
2160011,2160011,0,1,2
2160021,2160021,0,1,2
2160031,2160031,0,1,3
2160041,2160041,0,1,2
2160051,2160051,0,1,2
2160061,2160061,0,1,3
2010017,2010017,0,1,1
2010027,2010027,0,1,1
2010037,2010037,0,1,1
2010047,2010047,0,1,1
2010057,2010057,0,1,1
2010067,2010067,0,1,1
2020017,2020017,0,1,1
2020027,2020027,0,1,1
2020037,2020037,0,1,1
2020047,2020047,0,1,1
2020057,2020057,0,1,1
2020067,2020067,0,1,1
2030017,2030017,0,1,1
2030027,2030027,0,1,1
2030037,2030037,0,1,1
2030047,2030047,0,1,1
2030057,2030057,0,1,1
2030067,2030067,0,1,1
2040017,2040017,0,1,1
2040027,2040027,0,1,1
2040037,2040037,0,1,1
2040047,2040047,0,1,1
2040057,2040057,0,1,1
2040067,2040067,0,1,1
2050017,2050017,0,1,1
2050027,2050027,0,1,1
2050037,2050037,0,1,1
2050047,2050047,0,1,1
2050057,2050057,0,1,1
2050067,2050067,0,1,1
2060017,2060017,0,1,1
2060027,2060027,0,1,1
2060037,2060037,0,1,1
2060047,2060047,0,1,1
2060057,2060057,0,1,1
2060067,2060067,0,1,1
2070017,2070017,0,1,1
2070027,2070027,0,1,1
2070037,2070037,0,1,1
2070047,2070047,0,1,1
2070057,2070057,0,1,1
2070067,2070067,0,1,1
2080017,2080017,0,1,1
2080027,2080027,0,1,1
2080037,2080037,0,1,1
2080047,2080047,0,1,1
2080057,2080057,0,1,1
2080067,2080067,0,1,1
2090017,2090017,0,1,1
2090027,2090027,0,1,1
2090037,2090037,0,1,1
2090047,2090047,0,1,1
2090057,2090057,0,1,1
2090067,2090067,0,1,1
2100017,2100017,0,1,1
2100027,2100027,0,1,1
2100037,2100037,0,1,1
2100047,2100047,0,1,1
2100057,2100057,0,1,1
2100067,2100067,0,1,1
2110017,2110017,0,1,1
2110027,2110027,0,1,1
2110037,2110037,0,1,1
2110047,2110047,0,1,1
2110057,2110057,0,1,1
2110067,2110067,0,1,1
2120017,2120017,0,1,1
2120027,2120027,0,1,1
2120037,2120037,0,1,1
2120047,2120047,0,1,1
2120057,2120057,0,1,1
2120067,2120067,0,1,1
2130017,2130017,0,1,1
2130027,2130027,0,1,1
2130037,2130037,0,1,1
2130047,2130047,0,1,1
2130057,2130057,0,1,1
2130067,2130067,0,1,1
2140017,2140017,0,1,1
2140027,2140027,0,1,1
2140037,2140037,0,1,1
2140047,2140047,0,1,1
2140057,2140057,0,1,1
2140067,2140067,0,1,1
2150017,2150017,0,1,1
2150027,2150027,0,1,1
2150037,2150037,0,1,1
2150047,2150047,0,1,1
2150057,2150057,0,1,1
2150067,2150067,0,1,1
2160017,2160017,0,1,1
2160027,2160027,0,1,1
2160037,2160037,0,1,1
2160047,2160047,0,1,1
2160057,2160057,0,1,1
2160067,2160067,0,1,1
2170017,2170017,0,1,1
2170027,2170027,0,1,1
2170037,2170037,0,1,1
2170047,2170047,0,1,1
2170057,2170057,0,1,1
2170067,2170067,0,1,1
2180017,2180017,0,1,1
2180027,2180027,0,1,1
2180037,2180037,0,1,1
2180047,2180047,0,1,1
2180057,2180057,0,1,1
2180067,2180067,0,1,1
2010018,2010018,0,1,1
2010028,2010028,0,1,1
2010038,2010038,0,1,1
2010048,2010048,0,1,1
2010058,2010058,0,1,1
2010068,2010068,0,1,1
2020018,2020018,0,1,1
2020028,2020028,0,1,1
2020038,2020038,0,1,1
2020048,2020048,0,1,1
2020058,2020058,0,1,1
2020068,2020068,0,1,1
2030018,2030018,0,1,1
2030028,2030028,0,1,1
2030038,2030038,0,1,1
2030048,2030048,0,1,1
2030058,2030058,0,1,1
2030068,2030068,0,1,1
2040018,2040018,0,1,1
2040028,2040028,0,1,1
2040038,2040038,0,1,1
2040048,2040048,0,1,1
2040058,2040058,0,1,1
2040068,2040068,0,1,1
2050018,2050018,0,1,1
2050028,2050028,0,1,1
2050038,2050038,0,1,1
2050048,2050048,0,1,1
2050058,2050058,0,1,1
2050068,2050068,0,1,1
2060018,2060018,0,1,1
2060028,2060028,0,1,1
2060038,2060038,0,1,1
2060048,2060048,0,1,1
2060058,2060058,0,1,1
2060068,2060068,0,1,1
2070018,2070018,0,1,1
2070028,2070028,0,1,1
2070038,2070038,0,1,1
2070048,2070048,0,1,1
2070058,2070058,0,1,1
2070068,2070068,0,1,1
2080018,2080018,0,1,1
2080028,2080028,0,1,1
2080038,2080038,0,1,1
2080048,2080048,0,1,1
2080058,2080058,0,1,1
2080068,2080068,0,1,1
2090018,2090018,0,1,1
2090028,2090028,0,1,1
2090038,2090038,0,1,1
2090048,2090048,0,1,1
2090058,2090058,0,1,1
2090068,2090068,0,1,1
2100018,2100018,0,1,1
2100028,2100028,0,1,1
2100038,2100038,0,1,1
2100048,2100048,0,1,1
2100058,2100058,0,1,1
2100068,2100068,0,1,1
2110018,2110018,0,1,1
2110028,2110028,0,1,1
2110038,2110038,0,1,1
2110048,2110048,0,1,1
2110058,2110058,0,1,1
2110068,2110068,0,1,1
2120018,2120018,0,1,1
2120028,2120028,0,1,1
2120038,2120038,0,1,1
2120048,2120048,0,1,1
2120058,2120058,0,1,1
2120068,2120068,0,1,1
2130018,2130018,0,1,1
2130028,2130028,0,1,1
2130038,2130038,0,1,1
2130048,2130048,0,1,1
2130058,2130058,0,1,1
2130068,2130068,0,1,1
2140018,2140018,0,1,1
2140028,2140028,0,1,1
2140038,2140038,0,1,1
2140048,2140048,0,1,1
2140058,2140058,0,1,1
2140068,2140068,0,1,1
2150018,2150018,0,1,1
2150028,2150028,0,1,1
2150038,2150038,0,1,1
2150048,2150048,0,1,1
2150058,2150058,0,1,1
2150068,2150068,0,1,1
2160018,2160018,0,1,1
2160028,2160028,0,1,1
2160038,2160038,0,1,1
2160048,2160048,0,1,1
2160058,2160058,0,1,1
2160068,2160068,0,1,1
2170018,2170018,0,1,1
2170028,2170028,0,1,1
2170038,2170038,0,1,1
2170048,2170048,0,1,1
2170058,2170058,0,1,1
2170068,2170068,0,1,1
2180018,2180018,0,1,1
2180028,2180028,0,1,1
2180038,2180038,0,1,1
2180048,2180048,0,1,1
2180058,2180058,0,1,1
2180068,2180068,0,1,1
7030306,7030306,0,1,7
7040906,7040906,0,1,7
7050906,7050906,0,1,8
7061206,7061206,0,1,8
7071006,7071006,0,1,8
7072106,7072106,0,1,8
7081906,7081906,0,1,8
7091006,7091006,0,1,8
7091806,7091806,0,1,8
1000101,1000101,0,1,5
1010101,1010101,0,1,6
1010201,1010201,0,1,6
1010301,1010301,0,1,6
1010401,1010401,0,1,1
1020101,1020101,0,1,8
1020201,1020201,0,1,7
1020301,1020301,0,1,6
1020401,1020401,0,1,6
1020501,1020501,0,1,1
1020601,1020601,0,1,5
1020701,1020701,0,1,4
1030101,1030101,0,1,7
1030201,1030201,0,1,1
1030301,1030301,0,1,7
1030401,1030401,0,1,7
1030501,1030501,0,1,7
1030601,1030601,0,1,7
1030701,1030701,0,1,7
1030801,1030801,0,1,5
1030901,1030901,0,1,9
1031001,1031001,0,1,1
1031101,1031101,0,1,2
1031201,1031201,0,1,2
1040101,1040101,0,1,7
1040201,1040201,0,1,7
1040301,1040301,0,1,7
1040401,1040401,0,1,7
1040501,1040501,0,1,7
1040601,1040601,0,1,7
1040701,1040701,0,1,9
1040801,1040801,0,1,9
1040901,1040901,0,1,9
1041001,1041001,0,1,9
1041101,1041101,0,1,5
1041201,1041201,0,1,6
1041301,1041301,0,1,4
1041401,1041401,0,1,2
1041501,1041501,0,1,2
1041601,1041601,0,1,2
1050101,1050101,0,1,7
1050201,1050201,0,1,7
1050301,1050301,0,1,7
1050401,1050401,0,1,7
1050501,1050501,0,1,7
1050601,1050601,0,1,7
1050701,1050701,0,1,1
1050801,1050801,0,1,5
1050901,1050901,0,1,10
1051001,1051001,0,1,7
1051101,1051101,0,1,7
1051201,1051201,0,1,7
1051301,1051301,0,1,7
1051401,1051401,0,1,7
1051501,1051501,0,1,7
1051601,1051601,0,1,9
1051701,1051701,0,1,1
1051801,1051801,0,1,4
1051901,1051901,0,1,2
1052001,1052001,0,1,2
1052101,1052101,0,1,2
1060101,1060101,0,1,1
1060201,1060201,0,1,7
1060301,1060301,0,1,7
1060401,1060401,0,1,7
1060501,1060501,0,1,7
1060601,1060601,0,1,7
1060701,1060701,0,1,7
1060801,1060801,0,1,5
1060901,1060901,0,1,8
1061001,1061001,0,1,5
1061101,1061101,0,1,7
1061201,1061201,0,1,5
1061301,1061301,0,1,7
1061401,1061401,0,1,5
1061501,1061501,0,1,7
1061601,1061601,0,1,5
1061701,1061701,0,1,7
1061801,1061801,0,1,4
1061901,1061901,0,1,2
1062001,1062001,0,1,2
1062101,1062101,0,1,2
1070101,1070101,0,1,1
1070201,1070201,0,1,7
1070301,1070301,0,1,7
1070401,1070401,0,1,7
1070501,1070501,0,1,7
1070601,1070601,0,1,7
1070701,1070701,0,1,7
1070801,1070801,0,1,7
1070901,1070901,0,1,7
1071001,1071001,0,1,5
1071101,1071101,0,1,7
1071201,1071201,0,1,7
1071301,1071301,0,1,7
1071401,1071401,0,1,7
1071501,1071501,0,1,7
1071601,1071601,0,1,7
1071701,1071701,0,1,7
1071801,1071801,0,1,7
1071901,1071901,0,1,7
1072001,1072001,0,1,5
1072101,1072101,0,1,7
1072201,1072201,0,1,5
1072301,1072301,0,1,1
1072401,1072401,0,1,2
1072501,1072501,0,1,2
1072601,1072601,0,1,2
1080101,1080101,0,1,7
1080201,1080201,0,1,7
1080301,1080301,0,1,1
1080401,1080401,0,1,7
1080501,1080501,0,1,7
1080601,1080601,0,1,7
1080701,1080701,0,1,7
1080801,1080801,0,1,7
1080901,1080901,0,1,1
1081001,1081001,0,1,7
1081101,1081101,0,1,7
1081201,1081201,0,1,7
1081301,1081301,0,1,7
1081401,1081401,0,1,7
1081501,1081501,0,1,7
1081601,1081601,0,1,7
1081701,1081701,0,1,7
1081801,1081801,0,1,7
1081901,1081901,0,1,7
1082001,1082001,0,1,7
1082101,1082101,0,1,7
1082201,1082201,0,1,7
1082301,1082301,0,1,2
1082401,1082401,0,1,2
1082501,1082501,0,1,2
1090101,1090101,0,1,7
1090201,1090201,0,1,7
1090301,1090301,0,1,7
1090401,1090401,0,1,7
1090501,1090501,0,1,7
1090601,1090601,0,1,7
1090701,1090701,0,1,7
1090801,1090801,0,1,7
1090901,1090901,0,1,7
1091001,1091001,0,1,7
1091101,1091101,0,1,7
1091201,1091201,0,1,7
1091301,1091301,0,1,7
1091401,1091401,0,1,7
1091501,1091501,0,1,7
1091601,1091601,0,1,7
1091701,1091701,0,1,7
1091801,1091801,0,1,7
1091901,1091901,0,1,7
1092001,1092001,0,1,7
1092101,1092101,0,1,7
1092201,1092201,0,1,7
1092301,1092301,0,1,1
1092401,1092401,0,1,2
1092501,1092501,0,1,2
1092601,1092601,0,1,2
1100101,1100101,0,1,1
1121801,1121801,0,1,1
1130101,1130101,0,1,1
1150101,1150101,0,1,1
1160401,1160401,0,1,1
1161401,1161401,0,1,1
1170701,1170701,0,1,1
1082601,1082601,0,1,2
1092701,1092701,0,1,2
1030508,1030508,0,1,2
1040808,1040808,0,1,2
1051208,1051208,0,1,2
1061108,1061108,0,1,2
1070808,1070808,0,1,2
1081608,1081608,0,1,2
1081408,1081408,0,1,2
1101708,1101708,0,1,2
1110808,1110808,0,1,2
1121408,1121408,0,1,2
1131208,1131208,0,1,2
1141408,1141408,0,1,2
1151508,1151508,0,1,2
1161608,1161608,0,1,2
1171008,1171008,0,1,2
1181108,1181108,0,1,2
1030509,1030509,0,1,2
1040809,1040809,0,1,2
1051209,1051209,0,1,2
1061109,1061109,0,1,2
1070809,1070809,0,1,2
1081609,1081609,0,1,2
1091409,1091409,0,1,2
1101709,1101709,0,1,2
1110909,1110909,0,1,2
1121409,1121409,0,1,2
1131209,1131209,0,1,2
1141409,1141409,0,1,2
1151509,1151509,0,1,2
1161609,1161609,0,1,2
1171009,1171009,0,1,2
1181109,1181109,0,1,2
1020605,1020605,0,1,6
1030905,1030905,0,1,8
1041205,1041205,0,1,8
1051605,1051605,0,1,9
1061705,1061705,0,1,9
1072205,1072205,0,1,10
1082205,1082205,0,1,9
1092205,1092205,0,1,9
1102205,1102205,0,1,9
1112505,1112505,0,1,9
1122505,1122505,0,1,9
1132505,1132505,0,1,9
1142405,1142405,0,1,9
1153305,1153305,0,1,9
1163305,1163305,0,1,9
1173305,1173305,0,1,9
1020207,1020207,0,1,2
1030307,1030307,0,1,3
1030607,1030607,0,1,3
1040107,1040107,0,1,3
1040407,1040407,0,1,3
1050307,1050307,0,1,3
1051107,1051107,0,1,3
1060407,1060407,0,1,3
1061507,1061507,0,1,3
1070407,1070407,0,1,3
1071207,1071207,0,1,3
1080407,1080407,0,1,3
1081407,1081407,0,1,3
1090307,1090307,0,1,3
1091207,1091207,0,1,3
1100407,1100407,0,1,3
1101307,1101307,0,1,3
1110307,1110307,0,1,3
1111207,1111207,0,1,3
1120307,1120307,0,1,3
1121207,1121207,0,1,3
1130407,1130407,0,1,3
1131307,1131307,0,1,3
1140307,1140307,0,1,3
1141207,1141207,0,1,3
1150407,1150407,0,1,3
1151307,1151307,0,1,3
1152207,1152207,0,1,3
1152807,1152807,0,1,3
1160307,1160307,0,1,3
1161307,1161307,0,1,3
1162307,1162307,0,1,3
1162907,1162907,0,1,3
1170307,1170307,0,1,3
1171307,1171307,0,1,3
1172207,1172207,0,1,3
1172807,1172807,0,1,3
1180307,1180307,0,1,3
1181207,1181207,0,1,3
1182107,1182107,0,1,3
1182707,1182707,0,1,3
1020407,1020407,0,1,2
1030707,1030707,0,1,3
1040507,1040507,0,1,3
1040907,1040907,0,1,3
1050607,1050607,0,1,3
1051407,1051407,0,1,3
1060707,1060707,0,1,3
1061607,1061607,0,1,3
1070607,1070607,0,1,3
1071607,1071607,0,1,3
1080607,1080607,0,1,3
1081707,1081707,0,1,3
1090507,1090507,0,1,3
1091507,1091507,0,1,3
1100607,1100607,0,1,3
1101607,1101607,0,1,3
1110507,1110507,0,1,3
1111607,1111607,0,1,3
1120507,1120507,0,1,3
1121507,1121507,0,1,3
1130607,1130607,0,1,3
1131607,1131607,0,1,3
1140507,1140507,0,1,3
1141507,1141507,0,1,3
1150607,1150607,0,1,3
1151607,1151607,0,1,3
1153007,1153007,0,1,3
1160607,1160607,0,1,3
1161707,1161707,0,1,3
1163107,1163107,0,1,3
1170507,1170507,0,1,3
1171607,1171607,0,1,3
1173007,1173007,0,1,3
1180507,1180507,0,1,3
1181507,1181507,0,1,3
1182907,1182907,0,1,3
1051307,1051307,0,1,3
1061007,1061007,0,1,3
1070907,1070907,0,1,3
1072007,1072007,0,1,3
1081007,1081007,0,1,3
1082107,1082107,0,1,3
1090807,1090807,0,1,3
1091907,1091907,0,1,3
1100907,1100907,0,1,3
1102007,1102007,0,1,3
1110807,1110807,0,1,3
1112007,1112007,0,1,3
1120807,1120807,0,1,3
1122007,1122007,0,1,3
1130907,1130907,0,1,3
1132007,1132007,0,1,3
1140807,1140807,0,1,3
1141907,1141907,0,1,3
1150907,1150907,0,1,3
1152007,1152007,0,1,3
1152607,1152607,0,1,3
1160907,1160907,0,1,3
1162107,1162107,0,1,3
1162707,1162707,0,1,3
1170907,1170907,0,1,3
1172007,1172007,0,1,3
1172607,1172607,0,1,3
1180807,1180807,0,1,3
1181907,1181907,0,1,3
1182507,1182507,0,1,3
1061307,1061307,0,1,3
1071107,1071107,0,1,3
1081207,1081207,0,1,3
1091007,1091007,0,1,3
1101107,1101107,0,1,3
1111007,1111007,0,1,3
1112307,1112307,0,1,3
1121007,1121007,0,1,3
1122307,1122307,0,1,3
1131107,1131107,0,1,3
1132307,1132307,0,1,3
1141007,1141007,0,1,3
1142207,1142207,0,1,3
1151107,1151107,0,1,3
1152307,1152307,0,1,3
1152907,1152907,0,1,3
1161107,1161107,0,1,3
1162407,1162407,0,1,3
1163007,1163007,0,1,3
1171107,1171107,0,1,3
1172307,1172307,0,1,3
1172907,1172907,0,1,3
1181007,1181007,0,1,3
1182207,1182207,0,1,3
1182807,1182807,0,1,3
9200001,9200001,0,1,1
9200002,9200002,0,1,1
9200003,9200003,0,1,1
9200004,9200004,0,1,1
3100101,3100101,0,1,4
3100201,3100201,0,1,4
3100301,3100301,0,1,4
3100401,3100401,0,1,4
3100501,3100501,0,1,3
3100601,3100601,0,1,4
3100701,3100701,0,1,4
3100801,3100801,0,1,4
3100901,3100901,0,1,4
3101001,3101001,0,1,3
3101101,3101101,0,1,4
3101201,3101201,0,1,4
3101301,3101301,0,1,4
3101401,3101401,0,1,4
3101501,3101501,0,1,3
3101601,3101601,0,1,4
3101701,3101701,0,1,4
3101801,3101801,0,1,4
3101901,3101901,0,1,4
3102001,3102001,0,1,3
3102101,3102101,0,1,4
3102201,3102201,0,1,4
3102301,3102301,0,1,4
3102401,3102401,0,1,4
3102501,3102501,0,1,3
3102601,3102601,0,1,4
3102701,3102701,0,1,4
3102801,3102801,0,1,4
3102901,3102901,0,1,4
3103001,3103001,0,1,3
3103101,3103101,0,1,4
3103201,3103201,0,1,4
3103301,3103301,0,1,4
3103401,3103401,0,1,4
3103501,3103501,0,1,3
3103601,3103601,0,1,4
3103701,3103701,0,1,4
3103801,3103801,0,1,4
3103901,3103901,0,1,4
3104001,3104001,0,1,3
3104101,3104101,0,1,4
3104201,3104201,0,1,4
3104301,3104301,0,1,4
3104401,3104401,0,1,4
3104501,3104501,0,1,3
3104601,3104601,0,1,4
3104701,3104701,0,1,4
3104801,3104801,0,1,4
3104901,3104901,0,1,4
3105001,3105001,0,1,3
3105101,3105101,0,1,4
3105201,3105201,0,1,4
3105301,3105301,0,1,4
3105401,3105401,0,1,4
3105501,3105501,0,1,3
3105601,3105601,0,1,4
3105701,3105701,0,1,4
3105801,3105801,0,1,4
3105901,3105901,0,1,4
3106001,3106001,0,1,3
3100502,3100502,0,1,1
3101002,3101002,0,1,1
3101502,3101502,0,1,1
3102002,3102002,0,1,1
3102502,3102502,0,1,1
3103002,3103002,0,1,1
3103502,3103502,0,1,1
3104002,3104002,0,1,1
3104502,3104502,0,1,1
3105002,3105002,0,1,1
3105502,3105502,0,1,1
3106002,3106002,0,1,1
3200101,3200101,0,1,5
3200201,3200201,0,1,5
3200301,3200301,0,1,5
3200401,3200401,0,1,5
3200501,3200501,0,1,4
3200601,3200601,0,1,5
3200701,3200701,0,1,5
3200801,3200801,0,1,5
3200901,3200901,0,1,5
3201001,3201001,0,1,4
3201101,3201101,0,1,5
3201201,3201201,0,1,5
3201301,3201301,0,1,5
3201401,3201401,0,1,5
3201501,3201501,0,1,4
3201601,3201601,0,1,5
3201701,3201701,0,1,5
3201801,3201801,0,1,5
3201901,3201901,0,1,5
3202001,3202001,0,1,4
3202101,3202101,0,1,5
3202201,3202201,0,1,5
3202301,3202301,0,1,5
3202401,3202401,0,1,5
3202501,3202501,0,1,4
3202601,3202601,0,1,5
3202701,3202701,0,1,5
3202801,3202801,0,1,5
3202901,3202901,0,1,5
3203001,3203001,0,1,4
3203101,3203101,0,1,5
3203201,3203201,0,1,5
3203301,3203301,0,1,5
3203401,3203401,0,1,5
3203501,3203501,0,1,4
3203601,3203601,0,1,5
3203701,3203701,0,1,5
3203801,3203801,0,1,5
3203901,3203901,0,1,5
3204001,3204001,0,1,4
3204101,3204101,0,1,5
3204201,3204201,0,1,5
3204301,3204301,0,1,5
3204401,3204401,0,1,5
3204501,3204501,0,1,4
3204601,3204601,0,1,5
3204701,3204701,0,1,5
3204801,3204801,0,1,5
3204901,3204901,0,1,5
3205001,3205001,0,1,4
3205101,3205101,0,1,5
3205201,3205201,0,1,5
3205301,3205301,0,1,5
3205401,3205401,0,1,5
3205501,3205501,0,1,4
3205601,3205601,0,1,5
3205701,3205701,0,1,5
3205801,3205801,0,1,5
3205901,3205901,0,1,5
3206001,3206001,0,1,4
3200502,3200502,0,1,1
3201002,3201002,0,1,1
3201502,3201502,0,1,1
3202002,3202002,0,1,1
3202502,3202502,0,1,1
3203002,3203002,0,1,1
3203502,3203502,0,1,1
3204002,3204002,0,1,1
3204502,3204502,0,1,1
3205002,3205002,0,1,1
3205502,3205502,0,1,1
3206002,3206002,0,1,1
3300101,3300101,0,1,5
3300201,3300201,0,1,5
3300301,3300301,0,1,5
3300401,3300401,0,1,5
3300501,3300501,0,1,4
3300601,3300601,0,1,5
3300701,3300701,0,1,5
3300801,3300801,0,1,5
3300901,3300901,0,1,5
3301001,3301001,0,1,4
3301101,3301101,0,1,5
3301201,3301201,0,1,5
3301301,3301301,0,1,5
3301401,3301401,0,1,5
3301501,3301501,0,1,4
3301601,3301601,0,1,5
3301701,3301701,0,1,5
3301801,3301801,0,1,5
3301901,3301901,0,1,5
3302001,3302001,0,1,4
3302101,3302101,0,1,5
3302201,3302201,0,1,5
3302301,3302301,0,1,5
3302401,3302401,0,1,5
3302501,3302501,0,1,4
3302601,3302601,0,1,5
3302701,3302701,0,1,5
3302801,3302801,0,1,5
3302901,3302901,0,1,5
3303001,3303001,0,1,4
3303101,3303101,0,1,5
3303201,3303201,0,1,5
3303301,3303301,0,1,5
3303401,3303401,0,1,5
3303501,3303501,0,1,4
3303601,3303601,0,1,5
3303701,3303701,0,1,5
3303801,3303801,0,1,5
3303901,3303901,0,1,5
3304001,3304001,0,1,4
3304101,3304101,0,1,5
3304201,3304201,0,1,5
3304301,3304301,0,1,5
3304401,3304401,0,1,5
3304501,3304501,0,1,4
3304601,3304601,0,1,5
3304701,3304701,0,1,5
3304801,3304801,0,1,5
3304901,3304901,0,1,5
3305001,3305001,0,1,4
3305101,3305101,0,1,5
3305201,3305201,0,1,5
3305301,3305301,0,1,5
3305401,3305401,0,1,5
3305501,3305501,0,1,4
3305601,3305601,0,1,5
3305701,3305701,0,1,5
3305801,3305801,0,1,5
3305901,3305901,0,1,5
3306001,3306001,0,1,4
3300502,3300502,0,1,1
3301002,3301002,0,1,1
3301502,3301502,0,1,1
3302002,3302002,0,1,1
3302502,3302502,0,1,1
3303002,3303002,0,1,1
3303502,3303502,0,1,1
3304002,3304002,0,1,1
3304502,3304502,0,1,1
3305002,3305002,0,1,1
3305502,3305502,0,1,1
3306002,3306002,0,1,1
3400101,3400101,0,1,5
3400201,3400201,0,1,5
3400301,3400301,0,1,5
3400401,3400401,0,1,5
3400501,3400501,0,1,4
3400601,3400601,0,1,5
3400701,3400701,0,1,5
3400801,3400801,0,1,5
3400901,3400901,0,1,5
3401001,3401001,0,1,4
3401101,3401101,0,1,5
3401201,3401201,0,1,5
3401301,3401301,0,1,5
3401401,3401401,0,1,5
3401501,3401501,0,1,4
3401601,3401601,0,1,5
3401701,3401701,0,1,5
3401801,3401801,0,1,5
3401901,3401901,0,1,5
3402001,3402001,0,1,4
3402101,3402101,0,1,5
3402201,3402201,0,1,5
3402301,3402301,0,1,5
3402401,3402401,0,1,5
3402501,3402501,0,1,4
3402601,3402601,0,1,5
3402701,3402701,0,1,5
3402801,3402801,0,1,5
3402901,3402901,0,1,5
3403001,3403001,0,1,4
3403101,3403101,0,1,5
3403201,3403201,0,1,5
3403301,3403301,0,1,5
3403401,3403401,0,1,5
3403501,3403501,0,1,4
3403601,3403601,0,1,5
3403701,3403701,0,1,5
3403801,3403801,0,1,5
3403901,3403901,0,1,5
3404001,3404001,0,1,4
3404101,3404101,0,1,5
3404201,3404201,0,1,5
3404301,3404301,0,1,5
3404401,3404401,0,1,5
3404501,3404501,0,1,4
3404601,3404601,0,1,5
3404701,3404701,0,1,5
3404801,3404801,0,1,5
3404901,3404901,0,1,5
3405001,3405001,0,1,4
3405101,3405101,0,1,5
3405201,3405201,0,1,5
3405301,3405301,0,1,5
3405401,3405401,0,1,5
3405501,3405501,0,1,4
3405601,3405601,0,1,5
3405701,3405701,0,1,5
3405801,3405801,0,1,5
3405901,3405901,0,1,5
3406001,3406001,0,1,4
3400502,3400502,0,1,1
3401002,3401002,0,1,1
3401502,3401502,0,1,1
3402002,3402002,0,1,1
3402502,3402502,0,1,1
3403002,3403002,0,1,1
3403502,3403502,0,1,1
3404002,3404002,0,1,1
3404502,3404502,0,1,1
3405002,3405002,0,1,1
3405502,3405502,0,1,1
3406002,3406002,0,1,1
3500101,3500101,0,1,5
3500201,3500201,0,1,5
3500301,3500301,0,1,5
3500401,3500401,0,1,5
3500501,3500501,0,1,4
3500601,3500601,0,1,5
3500701,3500701,0,1,5
3500801,3500801,0,1,5
3500901,3500901,0,1,5
3501001,3501001,0,1,4
3501101,3501101,0,1,5
3501201,3501201,0,1,5
3501301,3501301,0,1,5
3501401,3501401,0,1,5
3501501,3501501,0,1,4
3501601,3501601,0,1,5
3501701,3501701,0,1,5
3501801,3501801,0,1,5
3501901,3501901,0,1,5
3502001,3502001,0,1,4
3502101,3502101,0,1,5
3502201,3502201,0,1,5
3502301,3502301,0,1,5
3502401,3502401,0,1,5
3502501,3502501,0,1,4
3502601,3502601,0,1,5
3502701,3502701,0,1,5
3502801,3502801,0,1,5
3502901,3502901,0,1,5
3503001,3503001,0,1,4
3503101,3503101,0,1,5
3503201,3503201,0,1,5
3503301,3503301,0,1,5
3503401,3503401,0,1,5
3503501,3503501,0,1,4
3503601,3503601,0,1,5
3503701,3503701,0,1,5
3503801,3503801,0,1,5
3503901,3503901,0,1,5
3504001,3504001,0,1,4
3504101,3504101,0,1,5
3504201,3504201,0,1,5
3504301,3504301,0,1,5
3504401,3504401,0,1,5
3504501,3504501,0,1,4
3504601,3504601,0,1,5
3504701,3504701,0,1,5
3504801,3504801,0,1,5
3504901,3504901,0,1,5
3505001,3505001,0,1,4
3505101,3505101,0,1,5
3505201,3505201,0,1,5
3505301,3505301,0,1,5
3505401,3505401,0,1,5
3505501,3505501,0,1,4
3505601,3505601,0,1,5
3505701,3505701,0,1,5
3505801,3505801,0,1,5
3505901,3505901,0,1,5
3506001,3506001,0,1,4
3500502,3500502,0,1,1
3501002,3501002,0,1,1
3501502,3501502,0,1,1
3502002,3502002,0,1,1
3502502,3502502,0,1,1
3503002,3503002,0,1,1
3503502,3503502,0,1,1
3504002,3504002,0,1,1
3504502,3504502,0,1,1
3505002,3505002,0,1,1
3505502,3505502,0,1,1
3506002,3506002,0,1,1
112233,112233,0,1,1
112244,112244,0,1,1
2012,2012,0,1,1
2013,2013,0,1,1
2014,2014,0,1,1
2015,2015,0,1,1
2022,2022,0,1,1
2023,2023,0,1,1
2024,2024,0,1,1
2025,2025,0,1,1
2032,2032,0,1,1
2033,2033,0,1,1
2034,2034,0,1,1
2035,2035,0,1,1
2042,2042,0,1,1
2043,2043,0,1,1
2044,2044,0,1,1
2045,2045,0,1,1
2053,2053,0,1,1
2054,2054,0,1,1
2055,2055,0,1,1
2056,2056,0,1,1
1011,1011,0,1,1
1012,1012,0,1,1
1013,1013,0,1,1
1014,1014,0,1,1
1015,1015,0,1,1
1021,1021,0,1,1
1022,1022,0,1,1
1023,1023,0,1,1
1024,1024,0,1,1
1025,1025,0,1,1
1031,1031,0,1,1
1032,1032,0,1,1
1033,1033,0,1,1
1034,1034,0,1,1
1035,1035,0,1,1
1041,1041,0,1,1
1042,1042,0,1,1
1043,1043,0,1,1
1044,1044,0,1,1
1045,1045,0,1,1
1051,1051,0,1,1
1052,1052,0,1,1
1053,1053,0,1,1
1054,1054,0,1,1
1055,1055,0,1,1
1056,1056,0,1,1
2011,2011,0,1,1
2021,2021,0,1,1
2031,2031,0,1,1
2041,2041,0,1,1
2051,2051,0,1,1
3012,3012,0,1,1
3013,3013,0,1,1
3014,3014,0,1,1
3015,3015,0,1,1
3022,3022,0,1,1
3023,3023,0,1,1
3024,3024,0,1,1
3025,3025,0,1,1
3032,3032,0,1,1
3033,3033,0,1,1
3034,3034,0,1,1
3035,3035,0,1,1
3042,3042,0,1,1
3043,3043,0,1,1
3044,3044,0,1,1
3045,3045,0,1,1
3053,3053,0,1,1
3054,3054,0,1,1
3055,3055,0,1,1
3056,3056,0,1,1
1231231,1231231,0,1,1
1231232,1231232,0,1,1
1231233,1231233,0,1,1
1231234,1231234,0,1,1
1231235,1231235,0,1,1
9901001,9901001,0,1,1
9901002,9901002,0,1,1
9901003,9901003,0,1,1
9901004,9901004,0,1,1
9901005,9901005,0,1,1
9901006,9901006,0,1,1
9901007,9901007,0,1,1
9901008,9901008,0,1,1
9902001,9902001,0,1,1
9902002,9902002,0,1,1
9902003,9902003,0,1,1
9902004,9902004,0,1,1
9902005,9902005,0,1,1
9902006,9902006,0,1,1
9902007,9902007,0,1,1
9902008,9902008,0,1,1
9903001,9903001,0,1,1
9903002,9903002,0,1,1
9903003,9903003,0,1,1
9903004,9903004,0,1,1
9903005,9903005,0,1,1
9903006,9903006,0,1,1
9903007,9903007,0,1,1
9903008,9903008,0,1,1
9904001,9904001,0,1,1
9904002,9904002,0,1,1
9904003,9904003,0,1,1
9904004,9904004,0,1,1
9904005,9904005,0,1,1
9904006,9904006,0,1,1
9904007,9904007,0,1,1
9904008,9904008,0,1,1
9801001,9801001,0,1,1
9801002,9801002,0,1,1
9801003,9801003,0,1,1
9801004,9801004,0,1,1
9801005,9801005,0,1,1
991631001,991631001,0,1,1
130001,130001,0,1,1
130101,130101,0,1,1
